company,type,address,gu,dong,,,,,,,
에스에이명진지퍼,폐수배출업소관리,서울특별시 중구 황학동 1154번지 ,중구,황학동,,,,,,,
대동염색,폐수배출업소관리,서울특별시 중구 주교동 281번지 ,중구,주교동,,,,,,,
그린염색,폐수배출업소관리,서울특별시 중구 광희동1가 53번지 ,중구,광희동1가,,,,,,,
대경,폐수배출업소관리,서울특별시 중구 주교동 272-6번지 ,중구,주교동,,,,,,,
일신염색,폐수배출업소관리,서울특별시 중구 주교동 289번지 ,중구,주교동,,,,,,,
미래염색,폐수배출업소관리,서울특별시 중구 을지로6가 33번지 ,중구,을지로6가,,,,,,,
에스에이명진지퍼,폐수배출업소관리,서울특별시 중구 황학동 1154번지 ,중구,황학동,,,,,,,
미래염색,폐수배출업소관리,서울특별시 중구 을지로6가 33번지 ,중구,을지로6가,,,,,,,
그린염색,폐수배출업소관리,서울특별시 중구 광희동1가 53번지 ,중구,광희동1가,,,,,,,
로얄공방,폐수배출업소관리,서울특별시 중구 충무로1가 25-33번지 ,중구,충무로1가,,,,,,,
남성인쇄사,폐수배출업소관리,서울특별시 중구 신당동 50-18번지 ,중구,신당동,,,,,,,
삼일문화사,폐수배출업소관리,서울특별시 중구 묵정동 24-10번지 ,중구,묵정동,,,,,,,
바다염색,폐수배출업소관리,서울특별시 중구 주교동 40-2번지 3호 ,중구,주교동,,,,,,,
광명무지개,폐수배출업소관리,서울특별시 중구 주교동 102-1번지 ,중구,주교동,,,,,,,
보은상사,폐수배출업소관리,서울특별시 중구 주교동 58-6번지 ,중구,주교동,,,,,,,
일신염색,폐수배출업소관리,서울특별시 중구 주교동 289번지 ,중구,주교동,,,,,,,
현대염색,폐수배출업소관리,서울특별시 중구 주교동 102-1번지 ,중구,주교동,,,,,,,
물들임,폐수배출업소관리,서울특별시 중구 주교동 272-7번지 ,중구,주교동,,,,,,,
광명무지개,폐수배출업소관리,서울특별시 중구 주교동 102-1번지 ,중구,주교동,,,,,,,
바다염색,폐수배출업소관리,서울특별시 중구 주교동 40-2번지 3호 ,중구,주교동,,,,,,,
(주)클레어스코리아,폐수배출업소관리,서울특별시 중구 남대문로5가 537번지 ,중구,남대문로5가,,,,,,,
(학)연세대학교세브란스 체크업의원,폐수배출업소관리,서울특별시 중구 남대문로5가 84-11번지 4층 ,중구,남대문로5가,,,,,,,
차여성의원,폐수배출업소관리,서울특별시 중구 남대문로5가 541번지 ,중구,남대문로5가,,,,,,,
백마염색,폐수배출업소관리,서울특별시 중구 주교동 272-7번지 ,중구,주교동,,,,,,,
일신염색,폐수배출업소관리,서울특별시 중구 주교동 289번지 ,중구,주교동,,,,,,,
보은상사,폐수배출업소관리,서울특별시 중구 주교동 58-6번지 ,중구,주교동,,,,,,,
대경,폐수배출업소관리,서울특별시 중구 주교동 272-6번지 ,중구,주교동,,,,,,,
국일염색,폐수배출업소관리,서울특별시 중구 주교동 273-13번지 ,중구,주교동,,,,,,,
우주사,폐수배출업소관리,서울특별시 중구 주교동 240번지 ,중구,주교동,,,,,,,
대양염색,폐수배출업소관리,서울특별시 중구 주교동 210-3번지 ,중구,주교동,,,,,,,
대동염색,폐수배출업소관리,서울특별시 중구 주교동 281번지 ,중구,주교동,,,,,,,
대한염색,폐수배출업소관리,서울특별시 중구 주교동 239번지 ,중구,주교동,,,,,,,
광일염색,폐수배출업소관리,서울특별시 중구 주교동 240번지 ,중구,주교동,,,,,,,
우주사,폐수배출업소관리,서울특별시 중구 주교동 240번지 ,중구,주교동,,,,,,,
샤인카팩토리,폐수배출업소관리,서울특별시 중구 신당동 375-4번지 ,중구,신당동,,,,,,,
나우앤티,폐수배출업소관리,서울특별시 중구 필동3가 28-10번지 4층 ,중구,필동3가,,,,,,,
도야인쇄,폐수배출업소관리,서울특별시 중구 필동3가 28-31번지 ,중구,필동3가,,,,,,,
세아미디어,폐수배출업소관리,서울특별시 중구 필동2가 119-1번지 ,중구,필동2가,,,,,,,
디텍,폐수배출업소관리,서울특별시 중구 필동2가 78-6번지 유창빌딩 3층 ,중구,필동2가,,,,,,3층,
주식회사굿프린팅,폐수배출업소관리,서울특별시 중구 필동2가 84-12번지 ,중구,필동2가,,,,,,,
(주)선진프린팅,폐수배출업소관리,서울특별시 중구 필동2가 84-34번지 지하1층 ,중구,필동2가,,,,,,,
(주)피랜피프린팅,폐수배출업소관리,서울특별시 중구 필동3가 39-15번지 ,중구,필동3가,,,,,,,
한샘CTP,폐수배출업소관리,서울특별시 중구 초동 17-2번지 ,중구,초동,,,,,,,
우리원 헬스케어 영상의학과의원,폐수배출업소관리,서울특별시 중구 수표동 99번지 시그니쳐 타워 2층 ,중구,수표동,,,,,,타워,2층
우진기획,폐수배출업소관리,서울특별시 중구 주교동 43-9번지 (3층) ,중구,주교동,,,,,,,
미진프로세스,폐수배출업소관리,서울특별시 중구 을지로4가 112번지 (2층) ,중구,을지로4가,,,,,,,
(주)와이투컴,폐수배출업소관리,서울특별시 중구 충무로3가 51-6번지 용봉빌딩3층 ,중구,충무로3가,,,,,,,
효성사,폐수배출업소관리,서울특별시 중구 인현동1가 82-2번지 ,중구,인현동1가,,,,,,,
(주)광일동판사,폐수배출업소관리,서울특별시 중구 인현동1가 73번지 ,중구,인현동1가,,,,,,,
성광사,폐수배출업소관리,서울특별시 중구 을지로3가 349-1번지 ,중구,을지로3가,,,,,,,
세현인쇄,폐수배출업소관리,서울특별시 중구 을지로3가 344-15번지 3층 ,중구,을지로3가,,,,,,,
은광문화사,폐수배출업소관리,서울특별시 중구 을지로3가 320-24번지 23층 ,중구,을지로3가,,,,,,,
정우프린팅,폐수배출업소관리,서울특별시 중구 초동 106-27번지 오양빌딩3층 ,중구,초동,,,,,,,
선우문화사,폐수배출업소관리,서울특별시 중구 을지로3가 291-15번지 ,중구,을지로3가,,,,,,,
좋은마음출력,폐수배출업소관리,서울특별시 중구 을지로3가 291-40번지 1층 ,중구,을지로3가,,,,,,,
한성문화,폐수배출업소관리,서울특별시 중구 을지로4가 315-1번지 외3필지 ,중구,을지로4가,,,,,,,
서진티피에스,폐수배출업소관리,서울특별시 중구 을지로4가 315-1번지 무광빌딩201호 ,중구,을지로4가,,,,,,,
대경,폐수배출업소관리,서울특별시 중구 주교동 272-6번지 ,중구,주교동,,,,,,,
세진염색,폐수배출업소관리,서울특별시 중구 주교동 80-2번지 ,중구,주교동,,,,,,,
우주사,폐수배출업소관리,서울특별시 중구 주교동 240번지 ,중구,주교동,,,,,,,
동일상사,폐수배출업소관리,서울특별시 중구 주교동 274번지 ,중구,주교동,,,,,,,
서울사,폐수배출업소관리,서울특별시 중구 주교동 90-3번지 ,중구,주교동,,,,,,,
동국염색,폐수배출업소관리,서울특별시 중구 주교동 286-3번지 ,중구,주교동,,,,,,,
아주사,폐수배출업소관리,서울특별시 중구 주교동 90-3번지 ,중구,주교동,,,,,,,
서울사,폐수배출업소관리,서울특별시 중구 주교동 90-3번지 ,중구,주교동,,,,,,,
동국염색,폐수배출업소관리,서울특별시 중구 주교동 286-3번지 ,중구,주교동,,,,,,,
백마염색,폐수배출업소관리,서울특별시 중구 주교동 272-7번지 ,중구,주교동,,,,,,,
베스트염색,폐수배출업소관리,서울특별시 중구 주교동 215-3번지 ,중구,주교동,,,,,,,
삼성원색교정,폐수배출업소관리,서울특별시 중구 초동 158-5번지 ,중구,초동,,,,,,,
대륙칼라,폐수배출업소관리,서울특별시 중구 충무로3가 24-17번지 3층 ,중구,충무로3가,,,,,,,
제이모드프린팅,폐수배출업소관리,서울특별시 중구 충무로3가 25-18번지 ,중구,충무로3가,,,,,,,
정광프로세스,폐수배출업소관리,서울특별시 중구 충무로2가 48-4번지 ,중구,충무로2가,,,,,,,
(주)삼진커뮤니케이션즈,폐수배출업소관리,서울특별시 중구 저동2가 84-3번지 ,중구,저동2가,,,,,,,
명신사,폐수배출업소관리,서울특별시 중구 인현동1가 127-9번지 ,중구,인현동1가,,,,,,,
아성출력,폐수배출업소관리,서울특별시 중구 충무로4가 131-15번지 ,중구,충무로4가,,,,,,,
(주)신아칼라,폐수배출업소관리,서울특별시 중구 저동2가 46-4번지 (2층) ,중구,저동2가,,,,,,,
승리원색교정,폐수배출업소관리,서울특별시 중구 저동2가 46-6번지 ,중구,저동2가,,,,,,,
케이투프로,폐수배출업소관리,서울특별시 중구 충무로4가 120-3번지 1층다-2122호 ,중구,충무로4가,,,,,,,
대한문화,폐수배출업소관리,서울특별시 중구 오장동 206-6번지 (2층) ,중구,오장동,,,,,,,
(주)메인아트기획,폐수배출업소관리,서울특별시 중구 충무로5가 19-3번지 ,중구,충무로5가,,,,,,,
안성미디어,폐수배출업소관리,서울특별시 중구 충무로5가 20-28번지 ,중구,충무로5가,,,,,,,
정문씨티피출력,폐수배출업소관리,서울특별시 중구 충무로5가 20-43번지 ,중구,충무로5가,,,,,,,
부영인쇄,폐수배출업소관리,서울특별시 중구 충무로5가 20-5번지 ,중구,충무로5가,,,,,,,
진솔씨티피(주),폐수배출업소관리,서울특별시 중구 필동1가 21-15번지 ,중구,필동1가,,,,,,,
건일제약(주),폐수배출업소관리,서울특별시 중구 정동 27-11번지 지하2층 ,중구,정동,,,,,,,
예지커뮤니케이션,폐수배출업소관리,서울특별시 중구 충무로3가 30-17번지 12층 ,중구,충무로3가,,,,,,,
국일기획(동성에너지),폐수배출업소관리,서울특별시 중구 을지로3가 275-3번지 2층 ,중구,을지로3가,,,,,,,
국일염색,폐수배출업소관리,서울특별시 중구 주교동 273-13번지 ,중구,주교동,,,,,,,
백마염색,폐수배출업소관리,서울특별시 중구 주교동 272-7번지 ,중구,주교동,,,,,,,
아주사,폐수배출업소관리,서울특별시 중구 주교동 90-3번지 ,중구,주교동,,,,,,,
서울사,폐수배출업소관리,서울특별시 중구 주교동 90-3번지 ,중구,주교동,,,,,,,
제일염색,폐수배출업소관리,서울특별시 중구 주교동 90-14번지 ,중구,주교동,,,,,,,
신원염색,폐수배출업소관리,서울특별시 중구 주교동 90-15번지 ,중구,주교동,,,,,,,
대우염색,폐수배출업소관리,서울특별시 중구 주교동 102-1번지 ,중구,주교동,,,,,,,
동일상사,폐수배출업소관리,서울특별시 중구 주교동 274번지 ,중구,주교동,,,,,,,
조민문화사,폐수배출업소관리,서울특별시 중구 오장동 95-5번지 ,중구,오장동,,,,,,,
예원,폐수배출업소관리,서울특별시 중구 오장동 90-6번지 (3층) ,중구,오장동,,,,,,,
애디트,폐수배출업소관리,서울특별시 중구 오장동 90-22번지 국진빌딩2층 ,중구,오장동,,,,,,,
중앙인쇄,폐수배출업소관리,서울특별시 중구 인현동2가 135-44번지 ,중구,인현동2가,,,,,,,
씨티피아세흥,폐수배출업소관리,서울특별시 중구 인현동2가 181-70번지 (2층) ,중구,인현동2가,,,,,,,
엘렉스 프린팅,폐수배출업소관리,서울특별시 중구 인현동2가 183-12번지 (3층) ,중구,인현동2가,,,,,,,
명진원색,폐수배출업소관리,서울특별시 중구 충무로4가 36-43번지 ,중구,충무로4가,,,,,,,
한강CTP,폐수배출업소관리,서울특별시 중구 필동3가 55-2번지 (2층) ,중구,필동3가,,,,,,,
합진그래픽,폐수배출업소관리,서울특별시 중구 필동2가 13-7번지 (403호) ,중구,필동2가,,,,,,,
(주)클레어스코리아,폐수배출업소관리,서울특별시 중구 남대문로5가 537번지 ,중구,남대문로5가,,,,,,,
고려문화사,폐수배출업소관리,서울특별시 중구 충무로2가 52-11번지 (2층) ,중구,충무로2가,,,,,,,
진보사,폐수배출업소관리,서울특별시 중구 남산동3가 13-5번지 (2층) ,중구,남산동3가,,,,,,,
인코,폐수배출업소관리,서울특별시 중구 신당동 52-204번지 ,중구,신당동,,,,,,,
(주)피랜피프린팅,폐수배출업소관리,서울특별시 중구 필동3가 39-15번지 ,중구,필동3가,,,,,,,
디텍,폐수배출업소관리,서울특별시 중구 필동2가 78-6번지 유창빌딩 3층 ,중구,필동2가,,,,,,3층,
우리디앤피,폐수배출업소관리,서울특별시 중구 필동2가 13-7번지 3층 ,중구,필동2가,,,,,,,
(주)선진프린팅,폐수배출업소관리,서울특별시 중구 필동2가 84-34번지 지하1층 ,중구,필동2가,,,,,,,
주간인쇄정보,폐수배출업소관리,서울특별시 중구 충무로4가 148-8번지 기종빌딩별관403호 ,중구,충무로4가,,,,,,,
주식회사굿프린팅,폐수배출업소관리,서울특별시 중구 필동2가 84-12번지 ,중구,필동2가,,,,,,,
대산그래픽,폐수배출업소관리,서울특별시 중구 필동2가 10번지 ,중구,필동2가,,,,,,,
대원문화인쇄,폐수배출업소관리,서울특별시 중구 필동2가 124-1번지 9 ,중구,필동2가,,,,,,,
(주)피알애드컴,폐수배출업소관리,서울특별시 중구 필동2가 84-113번지 (23층) ,중구,필동2가,,,,,,,
지앤비프린팅(주),폐수배출업소관리,서울특별시 중구 필동2가 124-10번지 (2층) ,중구,필동2가,,,,,,,
한백,폐수배출업소관리,서울특별시 중구 흥인동 62-1번지 ,중구,흥인동,,,,,,,
샤인카팩토리,폐수배출업소관리,서울특별시 중구 신당동 375-4번지 ,중구,신당동,,,,,,,
대웅캐스팅,폐수배출업소관리,서울특별시 중구 남대문로5가 255번지 6층 ,중구,남대문로5가,,,,,,,
보배커뮤니케이션,폐수배출업소관리,서울특별시 중구 인현동2가 220-3번지 ,중구,인현동2가,,,,,,,
창영프로세스(주),폐수배출업소관리,서울특별시 중구 인현동1가 109-1번지 ,중구,인현동1가,,,,,,,
을지포토,폐수배출업소관리,서울특별시 중구 을지로2가 1번지 지하상가 91113 ,중구,을지로2가,,,,,,91113,
새봄,폐수배출업소관리,서울특별시 중구 인현동1가 133-19번지 ,중구,인현동1가,,,,,,,
서울그래픽,폐수배출업소관리,서울특별시 중구 인현동1가 132-2번지 ,중구,인현동1가,,,,,,,
삼원인쇄제판,폐수배출업소관리,서울특별시 중구 인현동1가 133-2번지 ,중구,인현동1가,,,,,,,
영일,폐수배출업소관리,서울특별시 중구 충무로3가 58-5번지 2층 ,중구,충무로3가,,,,,,,
승리문화사,폐수배출업소관리,서울특별시 중구 충무로3가 59-2번지 ,중구,충무로3가,,,,,,,
더프로세스,폐수배출업소관리,서울특별시 중구 필동1가 3-6번지 서울빌딩507 ,중구,필동1가,,,,,,,
진영교정,폐수배출업소관리,서울특별시 중구 충무로3가 28-2번지 3층 ,중구,충무로3가,,,,,,,
신우금속,폐수배출업소관리,서울특별시 중구 입정동 81번지 ,중구,입정동,,,,,,,
신한피플,폐수배출업소관리,서울특별시 중구 충무로3가 59-14번지 ,중구,충무로3가,,,,,,,
모두출력센타,폐수배출업소관리,서울특별시 중구 초동 40-5번지 ,중구,초동,,,,,,,
전국인쇄,폐수배출업소관리,서울특별시 중구 초동 42번지 아시아미디어타워지하103호 ,중구,초동,,,,,,,
(주)태산아이,폐수배출업소관리,서울특별시 중구 초동 42번지 아시아미디어타워405호 ,중구,초동,,,,,,,
삼정인쇄공사,폐수배출업소관리,서울특별시 중구 초동 42번지 아시아미디어타워지하1층101호 ,중구,초동,,,,,,,
(주)삼양디앤피,폐수배출업소관리,서울특별시 중구 충무로3가 39-1번지 ,중구,충무로3가,,,,,,,
(주)백제문화,폐수배출업소관리,서울특별시 중구 인현동1가 138-1번지 1층 ,중구,인현동1가,,,,,,,
글로벌프린팅,폐수배출업소관리,서울특별시 중구 초동 64-1번지 ,중구,초동,,,,,,,
유일인쇄사,폐수배출업소관리,서울특별시 중구 충무로3가 24-10번지 ,중구,충무로3가,,,,,,,
(주)보현토탈프린팅,폐수배출업소관리,서울특별시 중구 초동 155-4번지 (안흥빌딩301호) ,중구,초동,,,,,,,
한성문화인쇄사,폐수배출업소관리,서울특별시 중구 초동 156-1번지 ,중구,초동,,,,,,,
광림입출력센터,폐수배출업소관리,서울특별시 중구 초동 155-1번지 ,중구,초동,,,,,,,
한양프린트,폐수배출업소관리,서울특별시 중구 초동 64-1번지 ,중구,초동,,,,,,,
에이드씨티피,폐수배출업소관리,서울특별시 중구 인현동2가 169-1번지 ,중구,인현동2가,,,,,,,
대우문화인쇄,폐수배출업소관리,서울특별시 중구 인현동2가 135-32번지 ,중구,인현동2가,,,,,,,
덕영인쇄,폐수배출업소관리,서울특별시 중구 오장동 206-10번지 ,중구,오장동,,,,,,,
성신프로세스,폐수배출업소관리,서울특별시 중구 오장동 148-33번지 ,중구,오장동,,,,,,,
(주)다인애드피아,폐수배출업소관리,서울특별시 중구 오장동 90-12번지 3층 ,중구,오장동,,,,,,,
성신문화사,폐수배출업소관리,서울특별시 중구 인현동2가 206번지 ,중구,인현동2가,,,,,,,
천일,폐수배출업소관리,서울특별시 중구 인현동2가 181-22번지 ,중구,인현동2가,,,,,,,
원프로세스,폐수배출업소관리,서울특별시 중구 인현동1가 106-1번지 3층 ,중구,인현동1가,,,,,,,
(주)아성종합인쇄,폐수배출업소관리,서울특별시 중구 인현동1가 109-3번지 2층 ,중구,인현동1가,,,,,,,
삼성대일인쇄,폐수배출업소관리,서울특별시 중구 인현동1가 109-6번지 ,중구,인현동1가,,,,,,,
네오그래픽스,폐수배출업소관리,서울특별시 중구 오장동 90-20번지 2층 ,중구,오장동,,,,,,,
배원문화사,폐수배출업소관리,서울특별시 중구 오장동 90-1번지 13 ,중구,오장동,,,,,,,
휴먼컴텍(주),폐수배출업소관리,서울특별시 중구 인현동2가 192-30번지 신성상가 지하3호 ,중구,인현동2가,,,,,,지하3호,
(주)서울인쇄센타,폐수배출업소관리,서울특별시 중구 쌍림동 146-1번지 2층 ,중구,쌍림동,,,,,,,
태강,폐수배출업소관리,서울특별시 중구 저동2가 84-11번지 3층 ,중구,저동2가,,,,,,,
안문화사,폐수배출업소관리,서울특별시 중구 광희동1가 8-1번지 ,중구,광희동1가,,,,,,,
시.디.피,폐수배출업소관리,서울특별시 중구 오장동 206-40번지 ,중구,오장동,,,,,,,
유니아,폐수배출업소관리,서울특별시 중구 인현동2가 135-4번지 2층 ,중구,인현동2가,,,,,,,
대광그래픽스,폐수배출업소관리,서울특별시 중구 초동 21-12번지 ,중구,초동,,,,,,,
탑프린팅,폐수배출업소관리,서울특별시 중구 을지로3가 296-15번지 ,중구,을지로3가,,,,,,,
성광문화인쇄사,폐수배출업소관리,서울특별시 중구 을지로3가 302-1번지 ,중구,을지로3가,,,,,,,
(주)다보아이앤씨,폐수배출업소관리,서울특별시 중구 을지로3가 295-4번지 ,중구,을지로3가,,,,,,,
대동전산,폐수배출업소관리,서울특별시 중구 을지로3가 291-42번지 ,중구,을지로3가,,,,,,,
삼원씨티피,폐수배출업소관리,서울특별시 중구 저동2가 8번지 2층 ,중구,저동2가,,,,,,,
한국인쇄,폐수배출업소관리,서울특별시 중구 을지로3가 322-7번지 ,중구,을지로3가,,,,,,,
오픈프로세스,폐수배출업소관리,서울특별시 중구 을지로3가 334-7번지 한일빌딩2층 ,중구,을지로3가,,,,,,,
동선기업,폐수배출업소관리,서울특별시 중구 산림동 58-1번지 ,중구,산림동,,,,,,,
광일금속,폐수배출업소관리,서울특별시 중구 산림동 31-1번지 ,중구,산림동,,,,,,,
경양사,폐수배출업소관리,서울특별시 중구 산림동 46번지 ,중구,산림동,,,,,,,
삼호명판,폐수배출업소관리,서울특별시 중구 산림동 108-1번지 ,중구,산림동,,,,,,,
태광기업,폐수배출업소관리,서울특별시 중구 산림동 133번지 ,중구,산림동,,,,,,,
신화명판산업,폐수배출업소관리,서울특별시 중구 산림동 42-2번지 ,중구,산림동,,,,,,,
대지문화사,폐수배출업소관리,서울특별시 중구 을지로4가 57-3번지 ,중구,을지로4가,,,,,,,
윤금공예,폐수배출업소관리,서울특별시 중구 주교동 176-8번지 ,중구,주교동,,,,,,,
덕유문화미술사,폐수배출업소관리,서울특별시 중구 예관동 24-5번지 ,중구,예관동,,,,,,,
국일특수인쇄(주),폐수배출업소관리,서울특별시 중구 예관동 70-8번지 4층 ,중구,예관동,,,,,,,
파인애드,폐수배출업소관리,서울특별시 중구 광희동1가 63-9번지 ,중구,광희동1가,,,,,,,
한영인쇄사,폐수배출업소관리,서울특별시 중구 을지로4가 297-1번지 (2층) ,중구,을지로4가,,,,,,,
창조문화인쇄,폐수배출업소관리,서울특별시 중구 인현동1가 70-3번지 ,중구,인현동1가,,,,,,,
굿모닝출력,폐수배출업소관리,서울특별시 중구 인현동1가 68번지 3층 ,중구,인현동1가,,,,,,,
반월인쇄문화,폐수배출업소관리,서울특별시 중구 인현동1가 31-2번지 (1층) ,중구,인현동1가,,,,,,,
선명금속인쇄사,폐수배출업소관리,서울특별시 중구 주교동 315-1번지 ,중구,주교동,,,,,,,
(주)성신피앤디,폐수배출업소관리,서울특별시 중구 오장동 11-2번지 ,중구,오장동,,,,,,,
상록기획인쇄,폐수배출업소관리,서울특별시 중구 방산동 142-1번지 ,중구,방산동,,,,,,,
동명사,폐수배출업소관리,서울특별시 중구 주교동 267번지 ,중구,주교동,,,,,,,
문화소부,폐수배출업소관리,서울특별시 중구 주교동 273-2번지 3층 ,중구,주교동,,,,,,,
아현문화,폐수배출업소관리,서울특별시 중구 주교동 110번지 ,중구,주교동,,,,,,,
태성명판,폐수배출업소관리,서울특별시 중구 주교동 210-4번지 ,중구,주교동,,,,,,,
종합기획,폐수배출업소관리,서울특별시 중구 주교동 222-2번지 ,중구,주교동,,,,,,,
동우부식,폐수배출업소관리,서울특별시 중구 주교동 210-3번지 ,중구,주교동,,,,,,,
드림기획,폐수배출업소관리,서울특별시 중구 을지로4가 109-1번지 ,중구,을지로4가,,,,,,,
대성기업,폐수배출업소관리,서울특별시 중구 주교동 242번지 ,중구,주교동,,,,,,,
혜성산업,폐수배출업소관리,서울특별시 중구 주교동 253번지 ,중구,주교동,,,,,,,
청해문화,폐수배출업소관리,서울특별시 중구 을지로4가 169-2번지 (2층) ,중구,을지로4가,,,,,,,
삼우인쇄사,폐수배출업소관리,서울특별시 중구 을지로3가 267번지 (2층) ,중구,을지로3가,,,,,,,
전진원색,폐수배출업소관리,서울특별시 중구 을지로3가 282-4번지 ,중구,을지로3가,,,,,,,
공익사,폐수배출업소관리,서울특별시 중구 을지로3가 286번지 새마을빌딩2층 ,중구,을지로3가,,,,,,,
에이스종합인쇄,폐수배출업소관리,서울특별시 중구 을지로3가 286번지 ,중구,을지로3가,,,,,,,
명인기획,폐수배출업소관리,서울특별시 중구 초동 10-6번지 (2층) ,중구,초동,,,,,,,
현프린테크,폐수배출업소관리,서울특별시 중구 인현동1가 59-10번지 ,중구,인현동1가,,,,,,,
현프린텍,폐수배출업소관리,서울특별시 중구 인현동1가 100-4번지 조광빌딩 305호 ,중구,인현동1가,,,,,,305호,
(주)칠광사,폐수배출업소관리,서울특별시 중구 오장동 101-18번지 ,중구,오장동,,,,,,,
예닮베스트프린팅,폐수배출업소관리,서울특별시 중구 예관동 70-3번지 401호,중구,예관동,,,,,,,
또모기획,폐수배출업소관리,서울특별시 중구 충무로5가 2-22번지 2층 ,중구,충무로5가,,,,,,,
아이디,폐수배출업소관리,서울특별시 중구 충무로5가 36-10번지 ,중구,충무로5가,,,,,,,
(주)동양프린팅,폐수배출업소관리,서울특별시 중구 오장동 101-7번지 흥남빌딩 34층 ,중구,오장동,,,,,,34층,
우창교정,폐수배출업소관리,서울특별시 중구 충무로4가 131-6번지 ,중구,충무로4가,,,,,,,
블루,폐수배출업소관리,서울특별시 중구 초동 157-2번지 (3층) ,중구,초동,,,,,,,
영진문화사,폐수배출업소관리,서울특별시 중구 인현동1가 132-1번지 ,중구,인현동1가,,,,,,,
(주)장안인쇄,폐수배출업소관리,서울특별시 중구 을지로4가 300-2번지 1층 ,중구,을지로4가,,,,,,,
(주)문화일보,폐수배출업소관리,서울특별시 중구 충정로1가 68번지 ,중구,충정로1가,,,,,,,
(주)한국경제신문,폐수배출업소관리,서울특별시 중구 중림동 441번지 ,중구,중림동,,,,,,,
(주)조선일보사,폐수배출업소관리,서울특별시 중구 정동 1-16번지 ,중구,정동,,,,,,,
효성사,폐수배출업소관리,서울특별시 중구 인현동1가 82-2번지 ,중구,인현동1가,,,,,,,
(주)프린트시티,폐수배출업소관리,서울특별시 중구 인현동1가 66번지 외 3필지 4층 ,중구,인현동1가,,,,,,3필지,4층
미래염색,폐수배출업소관리,서울특별시 중구 을지로6가 33번지 ,중구,을지로6가,,,,,,,
유일정판사,폐수배출업소관리,서울특별시 중구 인현동1가 70-5번지 ,중구,인현동1가,,,,,,,
서영기획,폐수배출업소관리,서울특별시 중구 오장동 69-56번지 ,중구,오장동,,,,,,,
진성C&C,폐수배출업소관리,서울특별시 중구 인현동2가 135-32번지 세광빌딩 3층 ,중구,인현동2가,,,,,,3층,
현대염색,폐수배출업소관리,서울특별시 중구 주교동 102-1번지 ,중구,주교동,,,,,,,
(주)광일동판사,폐수배출업소관리,서울특별시 중구 인현동1가 73번지 ,중구,인현동1가,,,,,,,
엘앤에스,폐수배출업소관리,서울특별시 중구 저동2가 47-2번지 ,중구,저동2가,,,,,,,
(주)용일프린팅,폐수배출업소관리,서울특별시 중구 예관동 126번지 예관빌딩12층 ,중구,예관동,,,,,,,
신화,폐수배출업소관리,서울특별시 중구 저동2가 47-3번지 2층 ,중구,저동2가,,,,,,,
대신D&P,폐수배출업소관리,서울특별시 중구 충무로3가 24-16번지 (4층) ,중구,충무로3가,,,,,,,
주신그래픽스,폐수배출업소관리,서울특별시 중구 충무로3가 25-17번지 (2층) ,중구,충무로3가,,,,,,,
대성출력센타,폐수배출업소관리,서울특별시 중구 충무로3가 56-24번지 ,중구,충무로3가,,,,,,,
대광특수인쇄,폐수배출업소관리,서울특별시 중구 충무로3가 58-9번지 ,중구,충무로3가,,,,,,,
충무알쓰리,폐수배출업소관리,서울특별시 중구 충무로3가 56-24번지 상강빌딩2층 ,중구,충무로3가,,,,,,,
태광원색,폐수배출업소관리,서울특별시 중구 충무로4가 15-22번지 ,중구,충무로4가,,,,,,,
유진피앤비,폐수배출업소관리,서울특별시 중구 충무로4가 15-16번지 (2층) ,중구,충무로4가,,,,,,,
동양문화인쇄사,폐수배출업소관리,서울특별시 중구 초동 38 39-1번지 (2층) ,중구,초동,,,,,,(2층),
삼광사,폐수배출업소관리,서울특별시 중구 인현동1가 133-2번지 ,중구,인현동1가,,,,,,,
명동문예사,폐수배출업소관리,서울특별시 중구 인현동1가 124-2번지 ,중구,인현동1가,,,,,,,
지앤피,폐수배출업소관리,서울특별시 중구 인현동1가 97-2번지 ,중구,인현동1가,,,,,,,
한백,폐수배출업소관리,서울특별시 중구 흥인동 62-1번지 ,중구,흥인동,,,,,,,
인제대학교부속백병원,폐수배출업소관리,서울특별시 중구 저동2가 85번지 ,중구,저동2가,,,,,,,
의료법인삼성의료재단강북삼성태평로의원,폐수배출업소관리,서울특별시 중구 태평로2가 250번지 삼성본관지하1층 ,중구,태평로2가,,,,,,,
서울송도병원,폐수배출업소관리,서울특별시 중구 신당동 366-144번지 ,중구,신당동,,,,,,,
국립중앙의료원,폐수배출업소관리,서울특별시 중구 을지로6가 18-79번지 ,중구,을지로6가,,,,,,,
일신염색,폐수배출업소관리,서울특별시 중구 주교동 289번지 ,중구,주교동,,,,,,,
동국염색,폐수배출업소관리,서울특별시 중구 주교동 286-3번지 ,중구,주교동,,,,,,,
삼우염색,폐수배출업소관리,서울특별시 중구 주교동 232번지 ,중구,주교동,,,,,,,
미래염색,폐수배출업소관리,서울특별시 중구 을지로6가 33번지 ,중구,을지로6가,,,,,,,
현대염색,폐수배출업소관리,서울특별시 중구 주교동 102-1번지 ,중구,주교동,,,,,,,
(의)제일의료재단제일병원,폐수배출업소관리,서울특별시 중구 충무로5가 52-25번지 ,중구,충무로5가,,,,,,,
(의)제일의료재단제일병원,폐수배출업소관리,서울특별시 중구 묵정동 31-4번지 ,중구,묵정동,,,,,,,
(의)제일의료재단제일병원,폐수배출업소관리,서울특별시 중구 묵정동 1-19번지 외 8필지 ,중구,묵정동,,,,,,8필지,
그린염색,폐수배출업소관리,서울특별시 중구 광희동1가 53번지 ,중구,광희동1가,,,,,,,
인쇄나라,폐수배출업소관리,서울특별시 중구 인현동2가 128-15번지 영성빌딩203호 ,중구,인현동2가,,,,,,,
서울중앙의료의원,폐수배출업소관리,서울특별시 중구 충무로1가 21-1번지 포스트타워 B3층 ,중구,충무로1가,,,,,,B3층,
명동QS칼라,폐수배출업소관리,서울특별시 중구 명동1가 29-1번지 ,중구,명동1가,,,,,,,
디지털삼성,폐수배출업소관리,서울특별시 중구 태평로2가 150번지 태평로빌딩지하 ,중구,태평로2가,,,,,,,
대륜문화사,폐수배출업소관리,서울특별시 중구 인현동1가 31-7번지 (2층) ,중구,인현동1가,,,,,,,
신원염색,폐수배출업소관리,서울특별시 중구 주교동 90-15번지 ,중구,주교동,,,,,,,
물들임,폐수배출업소관리,서울특별시 중구 주교동 272-7번지 ,중구,주교동,,,,,,,
이원,폐수배출업소관리,서울특별시 중구 주교동 58-7번지 ,중구,주교동,,,,,,,
삼우염색,폐수배출업소관리,서울특별시 중구 주교동 232번지 ,중구,주교동,,,,,,,
동아원색,폐수배출업소관리,서울특별시 중구 인현동1가 70-9번지 ,중구,인현동1가,,,,,,,
(주)신세계장충점,폐수배출업소관리,서울특별시 중구 장충동1가 62-14번지 ,중구,장충동1가,,,,,,,
시조문화사,폐수배출업소관리,서울특별시 중구 을지로3가 268번지 ,중구,을지로3가,,,,,,,
한국제판,폐수배출업소관리,서울특별시 중구 을지로3가 285번지 ,중구,을지로3가,,,,,,,
명일인쇄,폐수배출업소관리,서울특별시 중구 인현동2가 151-8번지 ,중구,인현동2가,,,,,,,
(주)성립애드,폐수배출업소관리,서울특별시 중구 신당동 361-13번지 ,중구,신당동,,,,,,,
삼일상사,폐수배출업소관리,서울특별시 중구 인현동1가 32-1번지 (2층) ,중구,인현동1가,,,,,,,
무지개칼라,폐수배출업소관리,서울특별시 중구 인현동2가 190-1번지 ,중구,인현동2가,,,,,,,
정안문화사,폐수배출업소관리,서울특별시 중구 예관동 70-50번지 원창빌딩301 ,중구,예관동,,,,,,,
(주)현대아트컴,폐수배출업소관리,서울특별시 중구 을지로3가 320-8번지 ,중구,을지로3가,,,,,,,
창조,폐수배출업소관리,서울특별시 중구 산림동 1-2번지 ,중구,산림동,,,,,,,
세한염색,폐수배출업소관리,서울특별시 중구 주교동 200번지 ,중구,주교동,,,,,,,
광일염색,폐수배출업소관리,서울특별시 중구 주교동 240번지 ,중구,주교동,,,,,,,
대한염색,폐수배출업소관리,서울특별시 중구 주교동 239번지 ,중구,주교동,,,,,,,
동국염색,폐수배출업소관리,서울특별시 중구 주교동 286-3번지 ,중구,주교동,,,,,,,
우주사,폐수배출업소관리,서울특별시 중구 주교동 240번지 ,중구,주교동,,,,,,,
현대염색,폐수배출업소관리,서울특별시 중구 주교동 102-1번지 ,중구,주교동,,,,,,,
대동염색,폐수배출업소관리,서울특별시 중구 주교동 281번지 ,중구,주교동,,,,,,,
보은상사,폐수배출업소관리,서울특별시 중구 주교동 58-6번지 ,중구,주교동,,,,,,,
서울사,폐수배출업소관리,서울특별시 중구 주교동 90-3번지 ,중구,주교동,,,,,,,
제일염색,폐수배출업소관리,서울특별시 중구 주교동 90-14번지 ,중구,주교동,,,,,,,
베스트염색,폐수배출업소관리,서울특별시 중구 주교동 215-3번지 ,중구,주교동,,,,,,,
동국대학교,폐수배출업소관리,서울특별시 중구 필동3가 26번지 ,중구,필동3가,,,,,,,
(주)호텔신라,폐수배출업소관리,서울특별시 중구 장충동2가 202번지 ,중구,장충동2가,,,,,,,
(주)퍼시픽호텔,폐수배출업소관리,서울특별시 중구 남산동2가 31-1번지 ,중구,남산동2가,,,,,,,
(주)호텔롯데,폐수배출업소관리,서울특별시 중구 소공동 1번지 ,중구,소공동,,,,,,,
주식회사씨디엘호텔코리아,폐수배출업소관리,서울특별시 중구 남대문로5가 395번지 ,중구,남대문로5가,,,,,,,
(주)명성센타,폐수배출업소관리,서울특별시 중구 충무로2가 51-3번지 인성빌딩1층 ,중구,충무로2가,,,,,,,
월드종합인쇄,폐수배출업소관리,서울특별시 중구 충무로4가 145번지 ,중구,충무로4가,,,,,,,
에스디소프트,폐수배출업소관리,서울특별시 중구 필동2가 19-15번지 2층 ,중구,필동2가,,,,,,,
무지개컬러,폐수배출업소관리,서울특별시 중구 충무로3가 25-12번지 ,중구,충무로3가,,,,,,,
글로벌,폐수배출업소관리,서울특별시 중구 충무로2가 48-4번지 ,중구,충무로2가,,,,,,,
제이에스프린피아,폐수배출업소관리,서울특별시 중구 을지로6가 45-7번지 외2필지 ,중구,을지로6가,,,,,,,
(주)태경인쇄,폐수배출업소관리,서울특별시 중구 묵정동 3-40번지 ,중구,묵정동,,,,,,,
대일부식,폐수배출업소관리,서울특별시 중구 주교동 297-9번지 ,중구,주교동,,,,,,,
배원인쇄사,폐수배출업소관리,서울특별시 중구 을지로6가 45-7번지 ,중구,을지로6가,,,,,,,
중구자원재활용처리장,폐수배출업소관리,서울특별시 중구 의주로2가 16-4번지 ,중구,의주로2가,,,,,,,
(주)중앙에너비스 퇴계로지점,폐수배출업소관리,서울특별시 중구 필동2가 51번지 ,중구,필동2가,,,,,,,
SK네트웍스(주)통일주유소,폐수배출업소관리,서울특별시 중구 장충동2가 186-69번지 ,중구,장충동2가,,,,,,,
지에스칼텍스(주),폐수배출업소관리,서울특별시 중구 초동 107-12번지 ,중구,초동,,,,,,,
지에스칼텍스(주),폐수배출업소관리,서울특별시 중구 남대문로5가 84-17번지 ,중구,남대문로5가,,,,,,,
서남주유소,폐수배출업소관리,서울특별시 중구 봉래동1가 126-2번지 ,중구,봉래동1가,,,,,,,
서울석유(주)세화주유소,폐수배출업소관리,서울특별시 중구 신당동 741번지 ,중구,신당동,,,,,,,
중부소방서,폐수배출업소관리,서울특별시 중구 무학동 43번지 ,중구,무학동,,,,,,,
현대자동차황학남부점,폐수배출업소관리,서울특별시 중구 황학동 1092번지 ,중구,황학동,,,,,,,
수정종합상사,폐수배출업소관리,서울특별시 중구 무학동 15-1번지 ,중구,무학동,,,,,,,
신당동주유소,폐수배출업소관리,서울특별시 중구 신당동 101-9번지 ,중구,신당동,,,,,,,
약수주유소,폐수배출업소관리,서울특별시 중구 신당동 336-5번지 ,중구,신당동,,,,,,,
고려사,폐수배출업소관리,서울특별시 중구 산림동 113-1번지 ,중구,산림동,,,,,,,
에스피라인,폐수배출업소관리,서울특별시 중구 인현동1가 66번지 일진빌딜지하1층 ,중구,인현동1가,,,,,,,
두산원색,폐수배출업소관리,서울특별시 중구 인현동1가 15-15번지 ,중구,인현동1가,,,,,,,
창성기획,폐수배출업소관리,서울특별시 중구 을지로4가 4-54번지 보은빌딩502 ,중구,을지로4가,,,,,,,
서경프린팅,폐수배출업소관리,서울특별시 중구 인현동1가 84번지 ,중구,인현동1가,,,,,,,
현프린테크,폐수배출업소관리,서울특별시 중구 인현동1가 59-10번지 ,중구,인현동1가,,,,,,,
서산체인,폐수배출업소관리,서울특별시 중구 오장동 139-11번지 외 2필지 ,중구,오장동,,,,,,2필지,
한진인쇄공사,폐수배출업소관리,서울특별시 중구 을지로3가 334-2번지 ,중구,을지로3가,,,,,,,
아트출력,폐수배출업소관리,서울특별시 중구 인현동1가 112-3번지 (2층) ,중구,인현동1가,,,,,,,
혜진칼라교정,폐수배출업소관리,서울특별시 중구 인현동1가 87-17번지 ,중구,인현동1가,,,,,,,
충무아트교정,폐수배출업소관리,서울특별시 중구 인현동1가 132-2번지 ,중구,인현동1가,,,,,,,
대정문화인쇄,폐수배출업소관리,서울특별시 중구 인현동1가 114번지 ,중구,인현동1가,,,,,,,
서경문화사,폐수배출업소관리,서울특별시 중구 인현동1가 137번지 ,중구,인현동1가,,,,,,,
성일사,폐수배출업소관리,서울특별시 중구 인현동1가 111-6번지 ,중구,인현동1가,,,,,,,
동희현문화인쇄,폐수배출업소관리,서울특별시 중구 저동2가 48-5번지 302호 ,중구,저동2가,,,,,,,
(주)대경토탈,폐수배출업소관리,서울특별시 중구 저동2가 50-2번지 ,중구,저동2가,,,,,,,
(주)신우인쇄상사,폐수배출업소관리,서울특별시 중구 쌍림동 177번지 ,중구,쌍림동,,,,,,,
유림프로세스,폐수배출업소관리,서울특별시 중구 초동 53-5번지 ,중구,초동,,,,,,,
진영출력센타,폐수배출업소관리,서울특별시 중구 초동 158-5번지 ,중구,초동,,,,,,,
칼라아트,폐수배출업소관리,서울특별시 중구 저동2가 46-2번지 3층 ,중구,저동2가,,,,,,,
(주)영프로세스프린팅,폐수배출업소관리,서울특별시 중구 초동 156-6번지 (2층) ,중구,초동,,,,,,,
주-유림문화,폐수배출업소관리,서울특별시 중구 저동2가 48-6번지 유림빌딩3층 ,중구,저동2가,,,,,,,
서울문화CTP(씨티피),폐수배출업소관리,서울특별시 중구 저동2가 48-5번지 ,중구,저동2가,,,,,,,
디원,폐수배출업소관리,서울특별시 중구 저동2가 46-12번지 2층 ,중구,저동2가,,,,,,,
삼화칼라,폐수배출업소관리,서울특별시 중구 초동 156-8번지 ,중구,초동,,,,,,,
나인애드,폐수배출업소관리,서울특별시 중구 저동2가 48-3번지 ,중구,저동2가,,,,,,,
(주)장은출력시스템,폐수배출업소관리,서울특별시 중구 저동2가 48-22번지 ,중구,저동2가,,,,,,,
이수CTP,폐수배출업소관리,서울특별시 중구 저동2가 48-20번지 경구빌딩202호 ,중구,저동2가,,,,,,,
위즈프린팅,폐수배출업소관리,서울특별시 중구 저동2가 48-1번지 (2층) ,중구,저동2가,,,,,,,
광림입출력센터,폐수배출업소관리,서울특별시 중구 초동 155-1번지 ,중구,초동,,,,,,,
상림인쇄,폐수배출업소관리,서울특별시 중구 오장동 69-14번지 3층 ,중구,오장동,,,,,,,
(주)쿠텐베르크,폐수배출업소관리,서울특별시 중구 초동 155-2번지 윤빌딩4층 ,중구,초동,,,,,,,
알래스카커뮤니케이션즈,폐수배출업소관리,서울특별시 중구 초동 42번지 아시아미디어타워606~607호 ,중구,초동,,,,,,,
우성사,폐수배출업소관리,서울특별시 중구 예관동 53-4번지 ,중구,예관동,,,,,,,
성광기획인쇄,폐수배출업소관리,서울특별시 중구 저동2가 47-2번지 (3층) ,중구,저동2가,,,,,,,
서울문화인쇄(주),폐수배출업소관리,서울특별시 중구 저동2가 47-6번지 ,중구,저동2가,,,,,,,
우일인쇄공사,폐수배출업소관리,서울특별시 중구 초동 21-1번지 기영빌딩2층 ,중구,초동,,,,,,,
우리인쇄소,폐수배출업소관리,서울특별시 중구 초동 106-15번지 ,중구,초동,,,,,,,
세종씨앤피,폐수배출업소관리,서울특별시 중구 저동2가 20-1번지 ,중구,저동2가,,,,,,,
(주)삼진프린테크,폐수배출업소관리,서울특별시 중구 저동2가 47-3번지 3층 ,중구,저동2가,,,,,,,
미래출력,폐수배출업소관리,서울특별시 중구 초동 18-11번지 성업빌딩3층 ,중구,초동,,,,,,,
영창칠,대기배출업소관리,서울특별시 중구 산림동 58-3번지 ,중구,산림동,,,,,,,
부광칠,대기배출업소관리,서울특별시 중구 을지로3가 202번지 ,중구,을지로3가,,,,,,,
현대칠,대기배출업소관리,서울특별시 중구 산림동 55-2번지 ,중구,산림동,,,,,,,
천우모터스,대기배출업소관리,서울특별시 중구 저동2가 61-8번지 외3필지 ,중구,저동2가,,,,,,,
시대특수칠,대기배출업소관리,서울특별시 중구 산림동 122-1번지 ,중구,산림동,,,,,,,
대흥공업사,대기배출업소관리,서울특별시 중구 을지로3가 187번지 ,중구,을지로3가,,,,,,,
영진사,대기배출업소관리,서울특별시 중구 입정동 45번지 ,중구,입정동,,,,,,,
미광특수칠공업사,대기배출업소관리,서울특별시 중구 입정동 120번지 ,중구,입정동,,,,,,,
대광특수도장,대기배출업소관리,서울특별시 중구 광희동1가 31번지 ,중구,광희동1가,,,,,,,
에스에이명진지퍼,폐수배출업소관리,서울특별시 중구 황학동 1154번지 ,중구,황학동,,,,,,,
그린염색,폐수배출업소관리,서울특별시 중구 광희동1가 53번지 ,중구,광희동1가,,,,,,,
피알프린팅,폐수배출업소관리,서울특별시 중구 인현동2가 134-7번지 신성빌딩102호 ,중구,인현동2가,,,,,,,
칼라아트,폐수배출업소관리,서울특별시 중구 인현동2가 135-4번지 ,중구,인현동2가,,,,,,,
우리인쇄(주),폐수배출업소관리,서울특별시 중구 인현동2가 181-1번지 2층 ,중구,인현동2가,,,,,,,
인쇄나라,폐수배출업소관리,서울특별시 중구 인현동2가 128-15번지 영성빌딩203호 ,중구,인현동2가,,,,,,,
명일인쇄,폐수배출업소관리,서울특별시 중구 인현동2가 128-5번지 ,중구,인현동2가,,,,,,,
네오그래픽스,폐수배출업소관리,서울특별시 중구 인현동2가 151-1번지 국일빌딩311 ,중구,인현동2가,,,,,,,
엠오정판사,폐수배출업소관리,서울특별시 중구 인현동2가 181-7번지 ,중구,인현동2가,,,,,,,
(주)애드피앤씨,폐수배출업소관리,서울특별시 중구 묵정동 30-20번지 ,중구,묵정동,,,,,,,
군자출판사(주),폐수배출업소관리,서울특별시 중구 묵정동 30-10번지 2층 ,중구,묵정동,,,,,,,
태경원색,폐수배출업소관리,서울특별시 중구 묵정동 30-3번지 삼광빌딩 2층2호 ,중구,묵정동,,,,,,2층2호,
(주)그래픽코리아,폐수배출업소관리,서울특별시 중구 묵정동 24-1번지 ,중구,묵정동,,,,,,,
태경인쇄,폐수배출업소관리,서울특별시 중구 묵정동 3-40번지 ,중구,묵정동,,,,,,,
동남인쇄사,폐수배출업소관리,서울특별시 중구 묵정동 30]-10번지 ,중구,묵정동,,,,,,,
(주)애드피앤씨,폐수배출업소관리,서울특별시 중구 묵정동 32-3번지 ,중구,묵정동,,,,,,,
지에스넥스테이션(주)초동주유소,폐수배출업소관리,서울특별시 중구 초동 107-1번지 ,중구,초동,,,,,,,
서울석유(주)장충주유소,폐수배출업소관리,서울특별시 중구 장충동1가 31-1번지 ,중구,장충동1가,,,,,,,
국립중앙의료원,폐수배출업소관리,서울특별시 중구 을지로6가 18-79번지 ,중구,을지로6가,,,,,,,
(주)퍼시픽호텔,폐수배출업소관리,서울특별시 중구 남산동2가 31-1번지 ,중구,남산동2가,,,,,,,
송도병원,폐수배출업소관리,서울특별시 중구 신당동 366-144번지 ,중구,신당동,,,,,,,
서울석유(주)인창주유소,폐수배출업소관리,서울특별시 중구 황학동 938번지 ,중구,황학동,,,,,,,
주식회사씨디엘호텔코리아,폐수배출업소관리,서울특별시 중구 남대문로5가 395번지 ,중구,남대문로5가,,,,,,,
성금사,폐수배출업소관리,서울특별시 중구 북창동 97번지 협동빌딩302호 ,중구,북창동,,,,,,,
금보사,폐수배출업소관리,서울특별시 중구 북창동 81번지 강남빌딩 4층 ,중구,북창동,,,,,,4층,
고전사랑,폐수배출업소관리,서울특별시 중구 북창동 81번지 강남빌딩 5층 ,중구,북창동,,,,,,5층,
하나공방,폐수배출업소관리,서울특별시 중구 북창동 81번지 강남빌딩 5층 ,중구,북창동,,,,,,5층,
서남주유소,폐수배출업소관리,서울특별시 중구 봉래동1가 126-2번지 ,중구,봉래동1가,,,,,,,
(주)호텔롯데,폐수배출업소관리,서울특별시 중구 소공동 1번지 ,중구,소공동,,,,,,,
주식회사세방디지탈랩,폐수배출업소관리,서울특별시 중구 만리동1가 54-12번지 ,중구,만리동1가,,,,,,,
안내과의원,폐수배출업소관리,서울특별시 중구 남창동 9-15번지 ,중구,남창동,,,,,,,
모아의원,폐수배출업소관리,서울특별시 중구 중림동 610번지 조현빌딩6층 ,중구,중림동,,,,,,,
우리의원,폐수배출업소관리,서울특별시 중구 남창동 167-8번지 ,중구,남창동,,,,,,,
전국인쇄,폐수배출업소관리,서울특별시 중구 초동 42번지 아시아미디어타워지하103호 ,중구,초동,,,,,,,
대광그래픽스,폐수배출업소관리,서울특별시 중구 초동 42번지 아시아미디어타워지하106호 ,중구,초동,,,,,,,
삼정인쇄공사,폐수배출업소관리,서울특별시 중구 초동 42번지 아시아미디어타워지하1층101호 ,중구,초동,,,,,,,
자프린트닷컴(주),폐수배출업소관리,서울특별시 중구 초동 17-2번지 태창빌딩301호 ,중구,초동,,,,,,,
동서주물,폐수배출업소관리,서울특별시 중구 명동2가 98-1번지 ,중구,명동2가,,,,,,,
성신프로세스,폐수배출업소관리,서울특별시 중구 오장동 148-33번지 ,중구,오장동,,,,,,,
하나그래피아,폐수배출업소관리,서울특별시 중구 오장동 101-18번지 ,중구,오장동,,,,,,,
한진기획,폐수배출업소관리,서울특별시 중구 오장동 197-1번지 2층 ,중구,오장동,,,,,,,
선문사,폐수배출업소관리,서울특별시 중구 오장동 101-1번지 ,중구,오장동,,,,,,,
지성토탈,폐수배출업소관리,서울특별시 중구 충무로2가 49-7번지 3층 ,중구,충무로2가,,,,,,,
국일특수인쇄(주),폐수배출업소관리,서울특별시 중구 예관동 70-8번지 4층 ,중구,예관동,,,,,,,
(주)용일프린팅,폐수배출업소관리,서울특별시 중구 예관동 126번지 예관빌딩12층 ,중구,예관동,,,,,,,
명문CTP,폐수배출업소관리,서울특별시 중구 오장동 69-13번지 ,중구,오장동,,,,,,,
덕영인쇄,폐수배출업소관리,서울특별시 중구 오장동 206-10번지 ,중구,오장동,,,,,,,
대 경,폐수배출업소관리,서울특별시 중구 오장동 139-10번지 ,중구,오장동,,,,,,,
해왕애드,폐수배출업소관리,서울특별시 중구 예관동 70-7번지 ,중구,예관동,,,,,,,
삼일,폐수배출업소관리,서울특별시 중구 오장동 90-4번지 ,중구,오장동,,,,,,,
주기문화,폐수배출업소관리,서울특별시 중구 예관동 126번지 ,중구,예관동,,,,,,,
삼아기획인쇄,폐수배출업소관리,서울특별시 중구 예관동 70-7번지 ,중구,예관동,,,,,,,
유원기획,폐수배출업소관리,서울특별시 중구 오장동 139-10번지 ,중구,오장동,,,,,,,
서원문화,폐수배출업소관리,서울특별시 중구 주교동 96-1번지 코리아빌딩2층 ,중구,주교동,,,,,,,
갭,폐수배출업소관리,서울특별시 중구 초동 64-1번지 (2층) ,중구,초동,,,,,,,
한양프린트,폐수배출업소관리,서울특별시 중구 초동 64-1번지 ,중구,초동,,,,,,,
한주애드,폐수배출업소관리,서울특별시 중구 충무로5가 36-3번지 일호빌딩502(4층) ,중구,충무로5가,,,,,,,
신한인쇄,폐수배출업소관리,서울특별시 중구 초동 1-3번지 2층 ,중구,초동,,,,,,,
진영교정,폐수배출업소관리,서울특별시 중구 초동 53-14번지 ,중구,초동,,,,,,,
보성PRS,폐수배출업소관리,서울특별시 중구 필동2가 19-5번지 (지하1층) ,중구,필동2가,,,,,,,
인제부속대학 백병원,폐수배출업소관리,서울특별시 중구 저동2가 64번지 ,중구,저동2가,,,,,,,
두진원색,폐수배출업소관리,서울특별시 중구 초동 156-8번지 민성빌딩302호 ,중구,초동,,,,,,,
에벤에셀,폐수배출업소관리,서울특별시 중구 초동 19-2번지 ,중구,초동,,,,,,,
(주)한국출력,폐수배출업소관리,서울특별시 중구 초동 19-1번지 ,중구,초동,,,,,,,
정진칼라,폐수배출업소관리,서울특별시 중구 초동 1-3번지 ,중구,초동,,,,,,,
삼광P.N.P,폐수배출업소관리,서울특별시 중구 초동 156-8번지 (502호) ,중구,초동,,,,,,,
세원프로세스,폐수배출업소관리,서울특별시 중구 초동 40-5번지 ,중구,초동,,,,,,,
윤가정의학과의원,폐수배출업소관리,서울특별시 중구 회현동1가 202-5번지 일신빌딩8층 ,중구,회현동1가,,,,,,,
연세의원,폐수배출업소관리,서울특별시 중구 신당동 282-103번지 (2층) ,중구,신당동,,,,,,,
박문승내과의원,폐수배출업소관리,서울특별시 중구 신당동 102-6번지 하나빌딩4층 ,중구,신당동,,,,,,,
이동우외과,폐수배출업소관리,서울특별시 중구 흥인동 109번지 ,중구,흥인동,,,,,,,
양유식치과의원,폐수배출업소관리,서울특별시 중구 신당동 171번지 ,중구,신당동,,,,,,,
Uncle Dam(엉클담),폐수배출업소관리,서울특별시 중구 남대문로5가 17-11번지 ,중구,남대문로5가,,,,,,,
우륵현상소,폐수배출업소관리,서울특별시 중구 봉래동1가 48-3번지 지하1층 ,중구,봉래동1가,,,,,,,
주내과,폐수배출업소관리,서울특별시 중구 서소문동 53-2번지 ,중구,서소문동,,,,,,,
남대문사진관,폐수배출업소관리,서울특별시 중구 남대문로5가 139번지 ,중구,남대문로5가,,,,,,,
골드만비뇨기과의원,폐수배출업소관리,서울특별시 중구 남대문로5가 6-1번지 ,중구,남대문로5가,,,,,,,
윌치과,폐수배출업소관리,서울특별시 중구 남대문로5가 6-1번지 (지하1층) ,중구,남대문로5가,,,,,,,
명문칼라현상소,폐수배출업소관리,서울특별시 중구 남대문로3가 92-1번지 ,중구,남대문로3가,,,,,,,
백민의원,폐수배출업소관리,서울특별시 중구 남대문로5가 537번지 GS역전빌딩지하1층 ,중구,남대문로5가,,,,,,,
원스튜디오,폐수배출업소관리,서울특별시 중구 남대문로5가 84-11번지 ,중구,남대문로5가,,,,,,,
(주)무창인포텍 남창동지점,폐수배출업소관리,서울특별시 중구 남창동 1-1번지 굳앤굳상가410호 ,중구,남창동,,,,,,,
영락내과의원,폐수배출업소관리,서울특별시 중구 저동2가 50-1번지 외1필지 201호 ,중구,저동2가,,,,,,201호,
유건내과의원,폐수배출업소관리,서울특별시 중구 필동2가 19-11번지 ,중구,필동2가,,,,,,,
씨디뱅크,폐수배출업소관리,서울특별시 중구 충무로1가 3-6번지 서울빌딩610 ,중구,충무로1가,,,,,,,
명동QS칼라,폐수배출업소관리,서울특별시 중구 명동1가 29-1번지 ,중구,명동1가,,,,,,,
스타샷,폐수배출업소관리,서울특별시 중구 명동2가 86번지 4층 ,중구,명동2가,,,,,,,
금영인쇄사,폐수배출업소관리,서울특별시 중구 을지로2가 101-24번지 (4층) ,중구,을지로2가,,,,,,,
삼양기업,폐수배출업소관리,서울특별시 중구 을지로4가 26번지 ,중구,을지로4가,,,,,,,
포유,폐수배출업소관리,서울특별시 중구 인현동1가 101-8번지 ,중구,인현동1가,,,,,,,
명신사,폐수배출업소관리,서울특별시 중구 인현동1가 127-9번지 ,중구,인현동1가,,,,,,,
영교정,폐수배출업소관리,서울특별시 중구 인현동1가 133-1번지 ,중구,인현동1가,,,,,,,
고려사,폐수배출업소관리,서울특별시 중구 산림동 113-1번지 ,중구,산림동,,,,,,,
삼호명판,폐수배출업소관리,서울특별시 중구 산림동 108-1번지 ,중구,산림동,,,,,,,
신우금속,폐수배출업소관리,서울특별시 중구 입정동 81번지 ,중구,입정동,,,,,,,
혜성산업,폐수배출업소관리,서울특별시 중구 주교동 253번지 ,중구,주교동,,,,,,,
삼광사,폐수배출업소관리,서울특별시 중구 인현동1가 133-2번지 ,중구,인현동1가,,,,,,,
경양사,폐수배출업소관리,서울특별시 중구 산림동 46번지 ,중구,산림동,,,,,,,
대성문화사,폐수배출업소관리,서울특별시 중구 인현동1가 87-16번지 ,중구,인현동1가,,,,,,,
태광기업,폐수배출업소관리,서울특별시 중구 산림동 133번지 ,중구,산림동,,,,,,,
광일금속,폐수배출업소관리,서울특별시 중구 산림동 31-1번지 ,중구,산림동,,,,,,,
동선기업,폐수배출업소관리,서울특별시 중구 산림동 58-1번지 ,중구,산림동,,,,,,,
선명금속인쇄사,폐수배출업소관리,서울특별시 중구 주교동 315-1번지 ,중구,주교동,,,,,,,
종합기획,폐수배출업소관리,서울특별시 중구 주교동 222-2번지 ,중구,주교동,,,,,,,
대일부식,폐수배출업소관리,서울특별시 중구 주교동 297-9번지 ,중구,주교동,,,,,,,
다원염색,폐수배출업소관리,서울특별시 중구 주교동 272-7번지 ,중구,주교동,,,,,,,
세일염색,폐수배출업소관리,서울특별시 중구 주교동 240번지 ,중구,주교동,,,,,,,
세진염색,폐수배출업소관리,서울특별시 중구 주교동 80-2번지 ,중구,주교동,,,,,,,
효성사,폐수배출업소관리,서울특별시 중구 인현동1가 82-2번지 ,중구,인현동1가,,,,,,,
태성명판,폐수배출업소관리,서울특별시 중구 주교동 210-4번지 ,중구,주교동,,,,,,,
대성기업,폐수배출업소관리,서울특별시 중구 주교동 242번지 ,중구,주교동,,,,,,,
동우부식,폐수배출업소관리,서울특별시 중구 주교동 210-3번지 ,중구,주교동,,,,,,,
대경섬유,폐수배출업소관리,서울특별시 중구 주교동 272-6번지 ,중구,주교동,,,,,,,
영지애드컴,폐수배출업소관리,서울특별시 중구 인현동2가 181-31번지 (403호) ,중구,인현동2가,,,,,,,
금강칼라인쇄,폐수배출업소관리,서울특별시 중구 인현동2가 228-1번지 ,중구,인현동2가,,,,,,,
삼성대일인쇄,폐수배출업소관리,서울특별시 중구 인현동2가 205번지 (2층) ,중구,인현동2가,,,,,,,
형제C&P,폐수배출업소관리,서울특별시 중구 인현동2가 183-9번지 (202호) ,중구,인현동2가,,,,,,,
보배커뮤니케이션,폐수배출업소관리,서울특별시 중구 인현동2가 220-3번지 ,중구,인현동2가,,,,,,,
대우원색,폐수배출업소관리,서울특별시 중구 인현동2가 197-22번지 ,중구,인현동2가,,,,,,,
현대그래픽,폐수배출업소관리,서울특별시 중구 인현동1가 100-1번지 ,중구,인현동1가,,,,,,,
원프로세스,폐수배출업소관리,서울특별시 중구 인현동1가 106-1번지 3층 ,중구,인현동1가,,,,,,,
명동문예사,폐수배출업소관리,서울특별시 중구 인현동1가 124-2번지 ,중구,인현동1가,,,,,,,
중앙아트프린팅,폐수배출업소관리,서울특별시 중구 인현동1가 127-6번지 ,중구,인현동1가,,,,,,,
대륜문화사,폐수배출업소관리,서울특별시 중구 인현동1가 31-7번지 (2층) ,중구,인현동1가,,,,,,,
지앤피,폐수배출업소관리,서울특별시 중구 인현동1가 97-2번지 ,중구,인현동1가,,,,,,,
삼성원색,폐수배출업소관리,서울특별시 중구 인현동1가 109-6번지 ,중구,인현동1가,,,,,,,
열린미디어,폐수배출업소관리,서울특별시 중구 인현동1가 115-1번지 ,중구,인현동1가,,,,,,,
유일정판사,폐수배출업소관리,서울특별시 중구 인현동1가 70-5번지 ,중구,인현동1가,,,,,,,
화신정판사,폐수배출업소관리,서울특별시 중구 인현동1가 112-4번지 ,중구,인현동1가,,,,,,,
에스피라인,폐수배출업소관리,서울특별시 중구 인현동1가 66번지 일진빌딜지하1층 ,중구,인현동1가,,,,,,,
대동출력,폐수배출업소관리,서울특별시 중구 인현동1가 111-6번지 (2층) ,중구,인현동1가,,,,,,,
동일,폐수배출업소관리,서울특별시 중구 인현동1가 101-3번지 (2층) ,중구,인현동1가,,,,,,,
대명인쇄,폐수배출업소관리,서울특별시 중구 인현동1가 109-6번지 ,중구,인현동1가,,,,,,,
창영프로세스,폐수배출업소관리,서울특별시 중구 인현동1가 109-1번지 ,중구,인현동1가,,,,,,,
서경문화사,폐수배출업소관리,서울특별시 중구 인현동1가 137번지 ,중구,인현동1가,,,,,,,
대영문화사,폐수배출업소관리,서울특별시 중구 인현동1가 124-3번지 ,중구,인현동1가,,,,,,,
(주)삼성문화사,폐수배출업소관리,서울특별시 중구 인현동2가 159번지 ,중구,인현동2가,,,,,,,
(주)삼성문화사,폐수배출업소관리,서울특별시 중구 인현동2가 159번지 ,중구,인현동2가,,,,,,,
에스에이명진지퍼,폐수배출업소관리,서울특별시 중구 황학동 1154번지 ,중구,황학동,,,,,,,
미래섬유,폐수배출업소관리,서울특별시 중구 을지로6가 33번지 ,중구,을지로6가,,,,,,,
그린염색,폐수배출업소관리,서울특별시 중구 광희동1가 53번지 ,중구,광희동1가,,,,,,,
삼우염색,폐수배출업소관리,서울특별시 중구 주교동 232번지 ,중구,주교동,,,,,,,
바다염색,폐수배출업소관리,서울특별시 중구 주교동 40-2번지 ,중구,주교동,,,,,,,
오양기획,폐수배출업소관리,서울특별시 중구 인현동1가 132-3번지 ,중구,인현동1가,,,,,,,
준프로세스,폐수배출업소관리,서울특별시 중구 인현동1가 132-2번지 ,중구,인현동1가,,,,,,,
성심기획출력센터,폐수배출업소관리,서울특별시 중구 인현동1가 132-1번지 ,중구,인현동1가,,,,,,,
영진문화사,폐수배출업소관리,서울특별시 중구 인현동1가 132-1번지 ,중구,인현동1가,,,,,,,
경성기업,폐수배출업소관리,서울특별시 중구 쌍림동 146-2번지 국제빌딩402 ,중구,쌍림동,,,,,,,
신우상사,폐수배출업소관리,서울특별시 중구 쌍림동 177번지 ,중구,쌍림동,,,,,,,
현성문화인쇄사,폐수배출업소관리,서울특별시 중구 충무로4가 97-1번지 (2층) ,중구,충무로4가,,,,,,,
(주)서울인쇄센타,폐수배출업소관리,서울특별시 중구 쌍림동 146-1번지 2층 ,중구,쌍림동,,,,,,,
이화산업,폐수배출업소관리,서울특별시 중구 을지로6가 44-2번지 ,중구,을지로6가,,,,,,,
현대염색,폐수배출업소관리,서울특별시 중구 주교동 102-1번지 ,중구,주교동,,,,,,,
다원염색,폐수배출업소관리,서울특별시 중구 주교동 272-7번지 ,중구,주교동,,,,,,,
백마염색,폐수배출업소관리,서울특별시 중구 주교동 272-7번지 ,중구,주교동,,,,,,,
국일염색,폐수배출업소관리,서울특별시 중구 주교동 273-13번지 ,중구,주교동,,,,,,,
대우염색,폐수배출업소관리,서울특별시 중구 주교동 102-1번지 ,중구,주교동,,,,,,,
광명무지개,폐수배출업소관리,서울특별시 중구 주교동 102-1번지 ,중구,주교동,,,,,,,
대동염색,폐수배출업소관리,서울특별시 중구 주교동 281번지 ,중구,주교동,,,,,,,
동일상사,폐수배출업소관리,서울특별시 중구 주교동 274번지 ,중구,주교동,,,,,,,
동국염색,폐수배출업소관리,서울특별시 중구 주교동 286-3번지 ,중구,주교동,,,,,,,
보은상사,폐수배출업소관리,서울특별시 중구 주교동 58-6번지 ,중구,주교동,,,,,,,
w버튼,폐수배출업소관리,서울특별시 중구 주교동 43-28번지 ,중구,주교동,,,,,,,
장원,폐수배출업소관리,서울특별시 중구 인현동1가 4-10번지 (2층) ,중구,인현동1가,,,,,,,
서원프린팅,폐수배출업소관리,서울특별시 중구 인현동1가 36-1번지 ,중구,인현동1가,,,,,,,
대광특수인쇄,폐수배출업소관리,서울특별시 중구 인현동1가 100-3번지 ,중구,인현동1가,,,,,,,
성진인쇄,폐수배출업소관리,서울특별시 중구 인현동1가 86-1번지 ,중구,인현동1가,,,,,,,
삼일상사,폐수배출업소관리,서울특별시 중구 인현동1가 32-1번지 (2층) ,중구,인현동1가,,,,,,,
선진인쇄,폐수배출업소관리,서울특별시 중구 인현동1가 56-2번지 ,중구,인현동1가,,,,,,,
진흥프로세스,폐수배출업소관리,서울특별시 중구 인현동1가 46-3번지 ,중구,인현동1가,,,,,,,
예영사,폐수배출업소관리,서울특별시 중구 인현동1가 12-1번지 ,중구,인현동1가,,,,,,,
현프린테크,폐수배출업소관리,서울특별시 중구 인현동1가 100-4번지 ,중구,인현동1가,,,,,,,
두산원색,폐수배출업소관리,서울특별시 중구 인현동1가 15-15번지 ,중구,인현동1가,,,,,,,
백프로세스,폐수배출업소관리,서울특별시 중구 인현동1가 133-19번지 ,중구,인현동1가,,,,,,,
서울종합인쇄,폐수배출업소관리,서울특별시 중구 인현동1가 133-15번지 (2층) ,중구,인현동1가,,,,,,,
한울프린팅,폐수배출업소관리,서울특별시 중구 인현동1가 127-3번지 (18호) ,중구,인현동1가,,,,,,,
(주)영진그래픽스,폐수배출업소관리,서울특별시 중구 인현동1가 132-1번지 월드빌딩402호 ,중구,인현동1가,,,,,,,
삼진P＆D,폐수배출업소관리,서울특별시 중구 인현동1가 138-1번지 ,중구,인현동1가,,,,,,,
부성,폐수배출업소관리,서울특별시 중구 충무로4가 134-2번지 ,중구,충무로4가,,,,,,,
화인인쇄,폐수배출업소관리,서울특별시 중구 인현동1가 124-2번지 ,중구,인현동1가,,,,,,,
대성인쇄,폐수배출업소관리,서울특별시 중구 인현동1가 124-3번지 ,중구,인현동1가,,,,,,,
성일기획인쇄,폐수배출업소관리,서울특별시 중구 인현동1가 127-6번지 ,중구,인현동1가,,,,,,,
유광문화인쇄공사,폐수배출업소관리,서울특별시 중구 인현동1가 127-5번지 ,중구,인현동1가,,,,,,,
원진칼라,폐수배출업소관리,서울특별시 중구 오장동 139-9번지 지층 ,중구,오장동,,,,,,,
대로원색,폐수배출업소관리,서울특별시 중구 저동2가 20-1번지 (2층) ,중구,저동2가,,,,,,,
화인문화사,폐수배출업소관리,서울특별시 중구 인현동1가 31-2번지 신도빌딩303호 ,중구,인현동1가,,,,,,,
태강,폐수배출업소관리,서울특별시 중구 저동2가 84-11번지 3층 ,중구,저동2가,,,,,,,
(주)삼진프린테크,폐수배출업소관리,서울특별시 중구 저동2가 84-3번지 ,중구,저동2가,,,,,,,
하나교정,폐수배출업소관리,서울특별시 중구 충무로3가 25-12번지 ,중구,충무로3가,,,,,,,
디지털삼성,폐수배출업소관리,서울특별시 중구 태평로2가 150번지 태평로빌딩지하 ,중구,태평로2가,,,,,,,
현대칠,대기배출업소관리,서울특별시 중구 산림동 55-2번지 ,중구,산림동,,,,,,,
시대특수칠,대기배출업소관리,서울특별시 중구 산림동 122-1번지 ,중구,산림동,,,,,,,
대우분체,대기배출업소관리,서울특별시 중구 산림동 67 ,중구,산림동,,,,,,,
천우모터스,대기배출업소관리,서울특별시 중구 저동2가 61-8번지 외3필지 ,중구,저동2가,,,,,,,
(주)삼성문화사,폐수배출업소관리,서울특별시 중구 인현동2가 159번지 ,중구,인현동2가,,,,,,,
영창칠,대기배출업소관리,서울특별시 중구 산림동 58-3번지 ,중구,산림동,,,,,,,
한진특수칠,대기배출업소관리,서울특별시 중구 산림동 123번지 ,중구,산림동,,,,,,,
의료법인삼성의료재단강북삼성태평로의원,폐수배출업소관리,서울특별시 중구 태평로2가 250번지 삼성본관지하1층 ,중구,태평로2가,,,,,,,
신당동주유소,폐수배출업소관리,서울특별시 중구 신당동 101-9번지 ,중구,신당동,,,,,,,
서울석유(주)세화주유소,폐수배출업소관리,서울특별시 중구 신당동 741번지 ,중구,신당동,,,,,,,
엘앤에스,폐수배출업소관리,서울특별시 중구 저동2가 47-2번지 ,중구,저동2가,,,,,,,
탑플러스,폐수배출업소관리,서울특별시 중구 저동2가 46-12번지 (2층) ,중구,저동2가,,,,,,,
현프린텍,폐수배출업소관리,서울특별시 중구 인현동1가 100-4번지 조광빌딩 305호 ,중구,인현동1가,,,,,,305호,
세현인쇄,폐수배출업소관리,서울특별시 중구 을지로3가 344-15번지 3층 ,중구,을지로3가,,,,,,,
주-유림문화,폐수배출업소관리,서울특별시 중구 저동2가 48-6번지 유림빌딩3층 ,중구,저동2가,,,,,,,
(주)매듭,폐수배출업소관리,서울특별시 중구 저동2가 48-27번지 ,중구,저동2가,,,,,,,
예당문화,폐수배출업소관리,서울특별시 중구 저동2가 46-11번지 ,중구,저동2가,,,,,,,
대호인쇄사,폐수배출업소관리,서울특별시 중구 저동2가 7-5번지 서광빌딩1층 ,중구,저동2가,,,,,,,
두리컴출력,폐수배출업소관리,서울특별시 중구 저동2가 20-1번지 19-1 ,중구,저동2가,,,,,,,
파크디자인,폐수배출업소관리,서울특별시 중구 저동2가 47-11번지 금정빌딩603호 ,중구,저동2가,,,,,,,
이수CTP,폐수배출업소관리,서울특별시 중구 저동2가 48-20번지 경구빌딩202호 ,중구,저동2가,,,,,,,
애드컴,폐수배출업소관리,서울특별시 중구 저동2가 47-2번지 정인빌딩2층 ,중구,저동2가,,,,,,,
대산문화인쇄,폐수배출업소관리,서울특별시 중구 충무로4가 141번지 (2층) ,중구,충무로4가,,,,,,,
효창문화,폐수배출업소관리,서울특별시 중구 충무로4가 139-2번지 ,중구,충무로4가,,,,,,,
조광,폐수배출업소관리,서울특별시 중구 충무로4가 18번지 ,중구,충무로4가,,,,,,,
서영기획,폐수배출업소관리,서울특별시 중구 오장동 69-56번지 ,중구,오장동,,,,,,,
(주)틱앤톡,폐수배출업소관리,서울특별시 중구 충무로3가 58-7번지 유진빌딩3층 ,중구,충무로3가,,,,,,,
대신사,폐수배출업소관리,서울특별시 중구 충무로4가 15-25번지 ,중구,충무로4가,,,,,,,
비젼출력센타,폐수배출업소관리,서울특별시 중구 충무로4가 133-2번지 107호 ,중구,충무로4가,,,,,,,
제일출력,폐수배출업소관리,서울특별시 중구 충무로4가 131-3번지 ,중구,충무로4가,,,,,,,
출력25시,폐수배출업소관리,서울특별시 중구 충무로4가 120-3번지 진양상가1층다열9 ,중구,충무로4가,,,,,,,
금강기획인쇄,폐수배출업소관리,서울특별시 중구 충무로4가 148-8번지 ,중구,충무로4가,,,,,,,
(주)아성종합인쇄,폐수배출업소관리,서울특별시 중구 인현동1가 109-3번지 2층 ,중구,인현동1가,,,,,,,
(주)조양애드컴,폐수배출업소관리,서울특별시 중구 필동2가 119-1번지 (은덕빌딩 지충) ,중구,필동2가,,,,,,지충),
디자인보리,폐수배출업소관리,서울특별시 중구 필동2가 119-1번지 은덕빌딩3층 ,중구,필동2가,,,,,,,
화이트,폐수배출업소관리,서울특별시 중구 필동2가 120-1번지 (2층) ,중구,필동2가,,,,,,,
임팩트,폐수배출업소관리,서울특별시 중구 충무로4가 12-1번지 ,중구,충무로4가,,,,,,,
유진피앤비,폐수배출업소관리,서울특별시 중구 충무로4가 15-16번지 (2층) ,중구,충무로4가,,,,,,,
(주)반프로,폐수배출업소관리,서울특별시 중구 필동2가 112-1번지 ,중구,필동2가,,,,,,,
우성C&P(씨앤피),폐수배출업소관리,서울특별시 중구 예장동 2-82번지 ,중구,예장동,,,,,,,
에스엠갤러리,폐수배출업소관리,서울특별시 중구 묵정동 30-4번지 ,중구,묵정동,,,,,,,
대한그래픽스,폐수배출업소관리,서울특별시 중구 충무로3가 51-2번지 (해봉빌딩102호) ,중구,충무로3가,,,,,,,
솔프린팅,폐수배출업소관리,서울특별시 중구 예장동 2-15번지 (지층) ,중구,예장동,,,,,,,
뿌리디자인,폐수배출업소관리,서울특별시 중구 예장동 1-47번지 ,중구,예장동,,,,,,,
대림원색,폐수배출업소관리,서울특별시 중구 예장동 9번지 삼익아파트지하2층 205호 ,중구,예장동,,,,,,205호,
애드팩,폐수배출업소관리,서울특별시 중구 필동2가 84-113번지 (23층) ,중구,필동2가,,,,,,,
(주)해인기획,폐수배출업소관리,서울특별시 중구 필동2가 128-17번지 ,중구,필동2가,,,,,,,
대광특수도장,대기배출업소관리,서울특별시 중구 광희동1가 31번지 ,중구,광희동1가,,,,,,,
부광칠,대기배출업소관리,서울특별시 중구 을지로3가 202번지 ,중구,을지로3가,,,,,,,
대흥공업사,대기배출업소관리,서울특별시 중구 을지로3가 187번지 ,중구,을지로3가,,,,,,,
영진사,대기배출업소관리,서울특별시 중구 입정동 45번지 ,중구,입정동,,,,,,,
미광특수칠공업사,대기배출업소관리,서울특별시 중구 입정동 120번지 ,중구,입정동,,,,,,,
서광애드,폐수배출업소관리,서울특별시 중구 필동2가 78-8번지 영은빌딩 4층 ,중구,필동2가,,,,,,4층,
(주)스타트애드,폐수배출업소관리,서울특별시 중구 필동2가 78-6번지 ,중구,필동2가,,,,,,,
동영인쇄(주),폐수배출업소관리,서울특별시 중구 필동2가 19-6번지 ,중구,필동2가,,,,,,,
(주)태산아이,폐수배출업소관리,서울특별시 중구 초동 42번지 아시아미디어타워405호 ,중구,초동,,,,,,,
대기커뮤니케이션,폐수배출업소관리,서울특별시 중구 필동2가 10번지 ,중구,필동2가,,,,,,,
(주)윙윙아이디,폐수배출업소관리,서울특별시 중구 예장동 9번지 삼익아파트상가 103호 ,중구,예장동,,,,,,103호,
(주)비주얼팬텀,폐수배출업소관리,서울특별시 중구 필동3가 29-2번지 101호 ,중구,필동3가,,,,,,,
충무기획인쇄,폐수배출업소관리,서울특별시 중구 필동3가 28-8번지 ,중구,필동3가,,,,,,,
세아미디어,폐수배출업소관리,서울특별시 중구 필동3가 28-10번지 ,중구,필동3가,,,,,,,
성광티피에스,폐수배출업소관리,서울특별시 중구 필동3가 37-1번지 (2층) ,중구,필동3가,,,,,,,
세종피앤디,폐수배출업소관리,서울특별시 중구 필동3가 39-15번지 도리빌딩201호 ,중구,필동3가,,,,,,,
도야인쇄,폐수배출업소관리,서울특별시 중구 필동3가 28-31번지 ,중구,필동3가,,,,,,,
광성,폐수배출업소관리,서울특별시 중구 필동3가 39-18번지 우진빌딩2층 ,중구,필동3가,,,,,,,
마이컴디앤피주식회사,폐수배출업소관리,서울특별시 중구 필동3가 39-3번지 정문빌딩3층 ,중구,필동3가,,,,,,,
정문아트,폐수배출업소관리,서울특별시 중구 필동3가 39-3번지 ,중구,필동3가,,,,,,,
경오문화사,폐수배출업소관리,서울특별시 중구 필동3가 28-14번지 ,중구,필동3가,,,,,,,
우리디앤피,폐수배출업소관리,서울특별시 중구 필동2가 13-7번지 3층 ,중구,필동2가,,,,,,,
삼보프로세스,폐수배출업소관리,서울특별시 중구 필동3가 28-18번지 (3층) ,중구,필동3가,,,,,,,
두성프린팅,폐수배출업소관리,서울특별시 중구 필동3가 39-2번지 ,중구,필동3가,,,,,,,
마인드한밭,폐수배출업소관리,서울특별시 중구 필동3가 28-7번지 (지하1층) ,중구,필동3가,,,,,,,
Mind 앤 Mind,폐수배출업소관리,서울특별시 중구 필동3가 21-37번지 (1층) ,중구,필동3가,,,,,,,
베스트디자인인쇄센터(주),폐수배출업소관리,서울특별시 중구 필동3가 28-7번지 (수인빌딩3층) ,중구,필동3가,,,,,,,
신성인그레이브,폐수배출업소관리,서울특별시 중구 필동3가 28-7번지 ,중구,필동3가,,,,,,,
매크로,폐수배출업소관리,서울특별시 중구 필동3가 39-2번지 한아빌딩2층 ,중구,필동3가,,,,,,,
애드.원,폐수배출업소관리,서울특별시 중구 필동3가 28-18번지 2층 ,중구,필동3가,,,,,,,
세종인쇄,폐수배출업소관리,서울특별시 중구 필동3가 39-15번지 ,중구,필동3가,,,,,,,
유니코스기획,폐수배출업소관리,서울특별시 중구 필동3가 15번지 ,중구,필동3가,,,,,,,
아트밸리,폐수배출업소관리,서울특별시 중구 필동3가 28-1번지 ,중구,필동3가,,,,,,,
팬텀프로세스,폐수배출업소관리,서울특별시 중구 필동3가 15번지 ,중구,필동3가,,,,,,,
으뜸프로세스(주),폐수배출업소관리,서울특별시 중구 필동3가 27-1번지 ,중구,필동3가,,,,,,,
(주)에프엘에이티,폐수배출업소관리,서울특별시 중구 필동3가 25-16번지 대진빌딩101호 ,중구,필동3가,,,,,,,
동진인쇄,폐수배출업소관리,서울특별시 중구 필동3가 18-9번지 ,중구,필동3가,,,,,,,
삼정문화사,폐수배출업소관리,서울특별시 중구 인현동2가 181-2번지 ,중구,인현동2가,,,,,,,
스타트플러스,폐수배출업소관리,서울특별시 중구 필동3가 6번지 ,중구,필동3가,,,,,,,
두원인쇄,폐수배출업소관리,서울특별시 중구 필동3가 10-3번지 (1층) ,중구,필동3가,,,,,,,
칼라터치커뮤니케이션즈,폐수배출업소관리,서울특별시 중구 필동3가 16-2번지 적산빌딩4층 ,중구,필동3가,,,,,,,
(의)제일의료재단제일병원,폐수배출업소관리,서울특별시 중구 묵정동 1-2번지  19 31-7 ,중구,묵정동,,,,,,07월 31일,
(의)제일의료재단제일병원,폐수배출업소관리,서울특별시 중구 충무로5가 52-25번지 ,중구,충무로5가,,,,,,,
동국대학교,폐수배출업소관리,서울특별시 중구 필동3가 26번지 ,중구,필동3가,,,,,,,
(의)제일의료재단제일병원,폐수배출업소관리,서울특별시 중구 묵정동 31-4번지 ,중구,묵정동,,,,,,,
(주)한국경제신문,폐수배출업소관리,서울특별시 중구 중림동 441번지 ,중구,중림동,,,,,,,
(주)조선일보사,폐수배출업소관리,서울특별시 중구 정동 1-16번지 ,중구,정동,,,,,,,
(주)서울신문사,폐수배출업소관리,서울특별시 중구 태평로1가 25번지 ,중구,태평로1가,,,,,,,
문화일보,폐수배출업소관리,서울특별시 중구 충정로1가 68번지 ,중구,충정로1가,,,,,,,
의료법인삼성의료재단강북삼성태평로의원,폐수배출업소관리,서울특별시 중구 태평로2가 250번지 삼성본관지하1층 ,중구,태평로2가,,,,,,,
청석,폐수배출업소관리,서울특별시 중구 충무로1가 25-34번지 동양빌딩 602 ,중구,충무로1가,,,,,,602,
쥬토피아,폐수배출업소관리,서울특별시 중구 태평로2가 68-8번지 ,중구,태평로2가,,,,,,,
웅디,폐수배출업소관리,서울특별시 중구 남창동 30번지 한영빌딩 5층 ,중구,남창동,,,,,,5층,
현진크리에이티브#,폐수배출업소관리,서울특별시 중구 필동3가 55-2번지 (2층) ,중구,필동3가,,,,,,,
(주)투데이아트,폐수배출업소관리,서울특별시 중구 필동3가 79-4번지 ,중구,필동3가,,,,,,,
(주)알티에스넷,폐수배출업소관리,서울특별시 중구 필동3가 55-2번지 ,중구,필동3가,,,,,,,
(주)다원케이앤피,폐수배출업소관리,서울특별시 중구 필동3가 39-20번지 ,중구,필동3가,,,,,,,
크로바인쇄,폐수배출업소관리,서울특별시 중구 필동3가 62-7번지 정문빌딩3층 ,중구,필동3가,,,,,,,
삼은인쇄(주),폐수배출업소관리,서울특별시 중구 필동3가 69-5번지 (3층) ,중구,필동3가,,,,,,,
(주)스타워크,폐수배출업소관리,서울특별시 중구 필동3가 48-1번지 ,중구,필동3가,,,,,,,
AD코아,폐수배출업소관리,서울특별시 중구 필동3가 76번지 ,중구,필동3가,,,,,,,
인쇄연합,폐수배출업소관리,서울특별시 중구 필동3가 48-3번지 (2층) ,중구,필동3가,,,,,,,
그리드,폐수배출업소관리,서울특별시 중구 필동3가 62-5번지 ,중구,필동3가,,,,,,,
미디어체인,폐수배출업소관리,서울특별시 중구 필동3가 62-7번지 ,중구,필동3가,,,,,,,
진선,폐수배출업소관리,서울특별시 중구 회현동1가 100-167번지 ,중구,회현동1가,,,,,,,
유진공방,폐수배출업소관리,서울특별시 중구 남창동 168-4번지 ,중구,남창동,,,,,,,
(주)무지개인쇄,폐수배출업소관리,서울특별시 중구 필동2가 128-12번지 ,중구,필동2가,,,,,,,
명문전산,폐수배출업소관리,서울특별시 중구 초동 21-1번지 ,중구,초동,,,,,,,
아이디인쇄(주),폐수배출업소관리,서울특별시 중구 남학동 24-2번지 ,중구,남학동,,,,,,,
대륙칼라,폐수배출업소관리,서울특별시 중구 주자동 18-3번지 ,중구,주자동,,,,,,,
금성정판,폐수배출업소관리,서울특별시 중구 필동1가 21-7번지 ,중구,필동1가,,,,,,,
(주)이콜테크롤,폐수배출업소관리,서울특별시 중구 주자동 44-2번지 ,중구,주자동,,,,,,,
B.G.I,폐수배출업소관리,서울특별시 중구 필동1가 21-15번지 ,중구,필동1가,,,,,,,
위터스프린팅,폐수배출업소관리,서울특별시 중구 필동1가 27-3번지 ,중구,필동1가,,,,,,,
(주)유니온프로세스,폐수배출업소관리,서울특별시 중구 필동1가 21-8번지 ,중구,필동1가,,,,,,,
진보사,폐수배출업소관리,서울특별시 중구 남산동3가 13-5번지 (2층) ,중구,남산동3가,,,,,,,
회현멕기,폐수배출업소관리,서울특별시 중구 회현동1가 28-9번지 3층 ,중구,회현동1가,,,,,,,
로얄공방,폐수배출업소관리,서울특별시 중구 충무로1가 25-33번지 ,중구,충무로1가,,,,,,,
을지칼라,폐수배출업소관리,서울특별시 중구 충무로1가 24-20번지 ,중구,충무로1가,,,,,,,
신원염색,폐수배출업소관리,서울특별시 중구 주교동 90-15번지 ,중구,주교동,,,,,,,
성원토탈프린팅,폐수배출업소관리,서울특별시 중구 필동2가 128-36번지 3층 ,중구,필동2가,,,,,,,
아주사,폐수배출업소관리,서울특별시 중구 주교동 90-3번지 ,중구,주교동,,,,,,,
대양염색,폐수배출업소관리,서울특별시 중구 주교동 210-3번지 ,중구,주교동,,,,,,,
대한염색,폐수배출업소관리,서울특별시 중구 주교동 239번지 ,중구,주교동,,,,,,,
제일염색,폐수배출업소관리,서울특별시 중구 주교동 90-14번지 ,중구,주교동,,,,,,,
은하수칼라,폐수배출업소관리,서울특별시 중구 신당동 120-18번지 ,중구,신당동,,,,,,,
선일프로세스,폐수배출업소관리,서울특별시 중구 신당동 292-46번지 ,중구,신당동,,,,,,,
인코,폐수배출업소관리,서울특별시 중구 신당동 52-204번지 ,중구,신당동,,,,,,,
마이컴프린팅,폐수배출업소관리,서울특별시 중구 필동3가 39-3번지 ,중구,필동3가,,,,,,,
성실원색교정,폐수배출업소관리,서울특별시 중구 필동3가 7번지 (2층) ,중구,필동3가,,,,,,,
충무아트교정,폐수배출업소관리,서울특별시 중구 인현동1가 132-2번지 ,중구,인현동1가,,,,,,,
삼우인쇄,폐수배출업소관리,서울특별시 중구 쌍림동 25-15번지 (4층) ,중구,쌍림동,,,,,,,
은광프린팅,폐수배출업소관리,서울특별시 중구 초동 42번지 아시아미디어타워B203호 ,중구,초동,,,,,,,
은광사,폐수배출업소관리,서울특별시 중구 초동 42번지 아시아미디어타워 지하201202호 ,중구,초동,,,,,,지하201202호,
혜진칼라교정,폐수배출업소관리,서울특별시 중구 인현동1가 87-17번지 ,중구,인현동1가,,,,,,,
대흥인쇄공사,폐수배출업소관리,서울특별시 중구 오장동 90-12번지 3층 ,중구,오장동,,,,,,,
영인그래픽스,폐수배출업소관리,서울특별시 중구 충무로3가 56-5번지 ,중구,충무로3가,,,,,,,
나인애드,폐수배출업소관리,서울특별시 중구 저동2가 48-3번지 ,중구,저동2가,,,,,,,
금강인쇄사,폐수배출업소관리,서울특별시 중구 충무로4가 36-4번지 (2층) ,중구,충무로4가,,,,,,,
(주)대경토탈,폐수배출업소관리,서울특별시 중구 저동2가 50-2번지 ,중구,저동2가,,,,,,,
(주)일지문화피앤씨,폐수배출업소관리,서울특별시 중구 충무로4가 148-8번지 ,중구,충무로4가,,,,,,,
진진기획,폐수배출업소관리,서울특별시 중구 주교동 326번지 ,중구,주교동,,,,,,,
태광원색,폐수배출업소관리,서울특별시 중구 충무로4가 15-22번지 ,중구,충무로4가,,,,,,,
서울석유(주)세화주유소,폐수배출업소관리,서울특별시 중구 신당동 741번지 ,중구,신당동,,,,,,,
세한염색,폐수배출업소관리,서울특별시 중구 주교동 200번지 ,중구,주교동,,,,,,,
서울사,폐수배출업소관리,서울특별시 중구 주교동 90-3번지 ,중구,주교동,,,,,,,
우주사,폐수배출업소관리,서울특별시 중구 주교동 240번지 ,중구,주교동,,,,,,,
베스트염색,폐수배출업소관리,서울특별시 중구 주교동 215-3번지 ,중구,주교동,,,,,,,
일신염색,폐수배출업소관리,서울특별시 중구 주교동 289번지 ,중구,주교동,,,,,,,
서울그래픽,폐수배출업소관리,서울특별시 중구 충무로3가 56-24번지 상강빌딩402호 ,중구,충무로3가,,,,,,,
(주)디지탈명성텍,폐수배출업소관리,서울특별시 중구 필동1가 43-3번지 ,중구,필동1가,,,,,,,
타임포토,폐수배출업소관리,서울특별시 중구 필동1가 19번지 ,중구,필동1가,,,,,,,
예림프로세스,폐수배출업소관리,서울특별시 중구 필동1가 10-7번지 ,중구,필동1가,,,,,,,
용광프로세스,폐수배출업소관리,서울특별시 중구 필동1가 10-12번지 ,중구,필동1가,,,,,,,
픽셀아트2,폐수배출업소관리,서울특별시 중구 필동1가 43-1번지 동화빌딩110호 ,중구,필동1가,,,,,,,
플러스원,폐수배출업소관리,서울특별시 중구 필동1가 43-1번지 동화빌딩105호 ,중구,필동1가,,,,,,,
더프로세스,폐수배출업소관리,서울특별시 중구 필동1가 3-6번지 서울빌딩507 ,중구,필동1가,,,,,,,
한벗문화사,폐수배출업소관리,서울특별시 중구 인현동1가 117번지 ,중구,인현동1가,,,,,,,
한양칼라프로세스,폐수배출업소관리,서울특별시 중구 필동1가 49-2번지 ,중구,필동1가,,,,,,,
(주)포토랜드,폐수배출업소관리,서울특별시 중구 충무로2가 51-7번지 국제빌딩별관 ,중구,충무로2가,,,,,,,
이포토아트,폐수배출업소관리,서울특별시 중구 충무로2가 51-18번지 ,중구,충무로2가,,,,,,,
(주)포토아트,폐수배출업소관리,서울특별시 중구 충무로2가 51-7번지 ,중구,충무로2가,,,,,,,
(주)도트애드,폐수배출업소관리,서울특별시 중구 필동3가 62-11번지 202호 ,중구,필동3가,,,,,,,
동서,폐수배출업소관리,서울특별시 중구 필동2가 7-3번지 303호 ,중구,필동2가,,,,,,,
창성탑컴,폐수배출업소관리,서울특별시 중구 충무로2가 49-7번지 (3층) ,중구,충무로2가,,,,,,,
원플러스,폐수배출업소관리,서울특별시 중구 충무로2가 50-1번지 (301호) ,중구,충무로2가,,,,,,,
케이포스트,폐수배출업소관리,서울특별시 중구 충무로2가 50-5번지 ,중구,충무로2가,,,,,,,
클릭,폐수배출업소관리,서울특별시 중구 충무로2가 51-17번지 ,중구,충무로2가,,,,,,,
칼라교정,폐수배출업소관리,서울특별시 중구 충무로4가 131-6번지 (2층) ,중구,충무로4가,,,,,,,
(주)이현상소,폐수배출업소관리,서울특별시 중구 충무로2가 49-7번지 ,중구,충무로2가,,,,,,,
디원,폐수배출업소관리,서울특별시 중구 저동2가 46-12번지 2층 ,중구,저동2가,,,,,,,
(주)조은프린트,폐수배출업소관리,서울특별시 중구 충무로2가 48-10번지 2층 ,중구,충무로2가,,,,,,,
신영칼라,폐수배출업소관리,서울특별시 중구 충무로2가 48-4번지 제일빌딩5층 ,중구,충무로2가,,,,,,,
정광프로세스,폐수배출업소관리,서울특별시 중구 충무로2가 48-4번지 ,중구,충무로2가,,,,,,,
동신인쇄,폐수배출업소관리,서울특별시 중구 충무로2가 49-21번지 ,중구,충무로2가,,,,,,,
태양문화,폐수배출업소관리,서울특별시 중구 충무로2가 52-4번지 ,중구,충무로2가,,,,,,,
엘에스커뮤니케이션,폐수배출업소관리,서울특별시 중구 충무로3가 56-5번지 청맥빌딩3층 ,중구,충무로3가,,,,,,,
(주)빈야드,폐수배출업소관리,서울특별시 중구 충무로3가 56-22번지 ,중구,충무로3가,,,,,,,
베스트프린팅,폐수배출업소관리,서울특별시 중구 충무로3가 56-22번지 ,중구,충무로3가,,,,,,,
명성인쇄사,폐수배출업소관리,서울특별시 중구 충무로2가 49-4번지 (2층) ,중구,충무로2가,,,,,,,
충무알쓰리,폐수배출업소관리,서울특별시 중구 충무로3가 56-24번지 상강빌딩2층 ,중구,충무로3가,,,,,,,
대성출력센타,폐수배출업소관리,서울특별시 중구 충무로3가 56-24번지 ,중구,충무로3가,,,,,,,
(주)색채원프로세스,폐수배출업소관리,서울특별시 중구 충무로3가 59-6번지 (2층) ,중구,충무로3가,,,,,,,
(주)씨엠와이피앤피,폐수배출업소관리,서울특별시 중구 충무로3가 58-7번지 (2층) ,중구,충무로3가,,,,,,,
주식회사 삼현,폐수배출업소관리,서울특별시 중구 충무로3가 60-1번지 ,중구,충무로3가,,,,,,,
해우토탈콤,폐수배출업소관리,서울특별시 중구 충무로3가 58-5번지 외67호 ,중구,충무로3가,,,,,,,
월드포토17분,폐수배출업소관리,서울특별시 중구 충무로3가 59-9번지 ,중구,충무로3가,,,,,,,
디지털일신,폐수배출업소관리,서울특별시 중구 충무로3가 60-1번지 ,중구,충무로3가,,,,,,,
팬다콤프로세스,폐수배출업소관리,서울특별시 중구 충무로3가 58-4번지 (2층) ,중구,충무로3가,,,,,,,
팬다콤프로세스,폐수배출업소관리,서울특별시 중구 충무로3가 57-1번지 2층 ,중구,충무로3가,,,,,,,
승리문화사,폐수배출업소관리,서울특별시 중구 충무로3가 59-2번지 ,중구,충무로3가,,,,,,,
신한피플,폐수배출업소관리,서울특별시 중구 충무로3가 59-14번지 ,중구,충무로3가,,,,,,,
쌍용인쇄사,폐수배출업소관리,서울특별시 중구 충무로3가 59-11번지 (2층) ,중구,충무로3가,,,,,,,
(주)애드큐,폐수배출업소관리,서울특별시 중구 충무로3가 43번지 충무로타워2층 ,중구,충무로3가,,,,,,,
팝콘디지털프린팅,폐수배출업소관리,서울특별시 중구 충무로3가 30-5번지 ,중구,충무로3가,,,,,,,
금호기획인쇄,폐수배출업소관리,서울특별시 중구 충무로3가 24-5번지 (1층) ,중구,충무로3가,,,,,,,
진솔씨티피(주),폐수배출업소관리,서울특별시 중구 충무로3가 43번지 충무로타워 지하1층 ,중구,충무로3가,,,,,,지하1층,
건영아트컴,폐수배출업소관리,서울특별시 중구 충무로3가 28-4번지 (3층) ,중구,충무로3가,,,,,,,
예지커뮤니케이션,폐수배출업소관리,서울특별시 중구 충무로3가 30-17번지 12층 ,중구,충무로3가,,,,,,,
한성출력,폐수배출업소관리,서울특별시 중구 충무로3가 29-1번지 ,중구,충무로3가,,,,,,,
좋은그림,폐수배출업소관리,서울특별시 중구 충무로3가 25-10번지 ,중구,충무로3가,,,,,,,
해브,폐수배출업소관리,서울특별시 중구 충무로3가 25-9번지 ,중구,충무로3가,,,,,,,
(주)조은피앤피,폐수배출업소관리,서울특별시 중구 충무로3가 24-6번지 (3층) ,중구,충무로3가,,,,,,,
(주)애니프린팅,폐수배출업소관리,서울특별시 중구 충무로3가 25-10번지 (3층) ,중구,충무로3가,,,,,,,
트윈컴,폐수배출업소관리,서울특별시 중구 충무로3가 25-12번지 ,중구,충무로3가,,,,,,,
(주)포토피아,폐수배출업소관리,서울특별시 중구 충무로3가 24-8번지 ,중구,충무로3가,,,,,,,
세진종합미술,폐수배출업소관리,서울특별시 중구 초동 156-15번지 ,중구,초동,,,,,,,
삼우아트,폐수배출업소관리,서울특별시 중구 을지로3가 291-16번지 명성빌딩2층 ,중구,을지로3가,,,,,,,
(주)경향신문사,폐수배출업소관리,서울특별시 중구 정동 22번지 ,중구,정동,,,,,,,
맥프로세스,폐수배출업소관리,서울특별시 중구 저동2가 47-11번지 ,중구,저동2가,,,,,,,
월드필름,폐수배출업소관리,서울특별시 중구 충무로3가 28-1번지 ,중구,충무로3가,,,,,,,
메카그래픽스,폐수배출업소관리,서울특별시 중구 필동2가 74-13번지 ,중구,필동2가,,,,,,,
매일출력,폐수배출업소관리,서울특별시 중구 충무로3가 28-4번지 ,중구,충무로3가,,,,,,,
알래스카커뮤니케이션즈,폐수배출업소관리,서울특별시 중구 초동 42번지 아시아미디어타워606~607호 ,중구,초동,,,,,,,
커뮤니케이션인맥,폐수배출업소관리,서울특별시 중구 충무로3가 24-1번지 ,중구,충무로3가,,,,,,,
상경커뮤니케이션즈,폐수배출업소관리,서울특별시 중구 충무로3가 24-4번지 ,중구,충무로3가,,,,,,,
리얼프린트,폐수배출업소관리,서울특별시 중구 초동 42번지 아시아미디어타워8층805호 ,중구,초동,,,,,,,
이지미술,폐수배출업소관리,서울특별시 중구 충무로3가 24-3번지 (제복빌딩201호) ,중구,충무로3가,,,,,,,
삼화전산,폐수배출업소관리,서울특별시 중구 충무로3가 24-17번지 세림빌딩4층 ,중구,충무로3가,,,,,,,
(주)아이씽크피엔씨,폐수배출업소관리,서울특별시 중구 충무로3가 24-3번지 ,중구,충무로3가,,,,,,,
위캔그랙픽,폐수배출업소관리,서울특별시 중구 충무로3가 24-16번지 인보빌딩3층 ,중구,충무로3가,,,,,,,
영일,폐수배출업소관리,서울특별시 중구 충무로3가 58-5번지 2층 ,중구,충무로3가,,,,,,,
한일아트(주),폐수배출업소관리,서울특별시 중구 충무로3가 58-14번지 ,중구,충무로3가,,,,,,,
한국원색교정,폐수배출업소관리,서울특별시 중구 충무로3가 58-14번지 (3층) ,중구,충무로3가,,,,,,,
삼우교정,폐수배출업소관리,서울특별시 중구 충무로3가 28-2번지 ,중구,충무로3가,,,,,,,
진영아트,폐수배출업소관리,서울특별시 중구 필동1가 39-3번지 (대도빌딩302호) ,중구,필동1가,,,,,,,
가나커뮤니케이션,폐수배출업소관리,서울특별시 중구 충무로3가 51-7번지 우형빌딩1층 ,중구,충무로3가,,,,,,,
(주)와이투컴,폐수배출업소관리,서울특별시 중구 충무로3가 51-6번지 용봉빌딩3층 ,중구,충무로3가,,,,,,,
와와프린트(주),폐수배출업소관리,서울특별시 중구 충무로3가 26-2번지 ,중구,충무로3가,,,,,,,
선우,폐수배출업소관리,서울특별시 중구 충무로3가 40-9번지 ,중구,충무로3가,,,,,,,
중앙아트그라픽스,폐수배출업소관리,서울특별시 중구 필동1가 3-6번지 서울빌딩302호 ,중구,필동1가,,,,,,,
(주)와이앤디,폐수배출업소관리,서울특별시 중구 충무로3가 51-2번지 ,중구,충무로3가,,,,,,,
(주)뿌리커뮤니케이션,폐수배출업소관리,서울특별시 중구 충무로3가 39-1번지 ,중구,충무로3가,,,,,,,
유림기획,폐수배출업소관리,서울특별시 중구 을지로3가 296-11번지 4층 ,중구,을지로3가,,,,,,,
거산씨앤와이(주),폐수배출업소관리,서울특별시 중구 충무로4가 108-10번지 ,중구,충무로4가,,,,,,,
대우문화인쇄,폐수배출업소관리,서울특별시 중구 인현동2가 135-32번지 ,중구,인현동2가,,,,,,,
비젼프린테크,폐수배출업소관리,서울특별시 중구 충무로4가 131-6번지 (2층) ,중구,충무로4가,,,,,,,
(주)예닮출력,폐수배출업소관리,서울특별시 중구 충무로3가 34-1번지 ,중구,충무로3가,,,,,,,
L&G(엘앤지),폐수배출업소관리,서울특별시 중구 충무로4가 306번지 남산센트럴자이지하16호 ,중구,충무로4가,,,,,,,
ING-CTP,폐수배출업소관리,서울특별시 중구 충무로3가 33-1번지 ,중구,충무로3가,,,,,,,
다우리,폐수배출업소관리,서울특별시 중구 충무로5가 36-17번지 (3층) ,중구,충무로5가,,,,,,,
월드테크닉,폐수배출업소관리,서울특별시 중구 충무로4가 145번지 ,중구,충무로4가,,,,,,,
예지미술,폐수배출업소관리,서울특별시 중구 충무로3가 38-1번지 (2층) ,중구,충무로3가,,,,,,,
(주)열림씨앤피,폐수배출업소관리,서울특별시 중구 충무로4가 12-1번지 일진빌딩201 ,중구,충무로4가,,,,,,,
원칼라인쇄,폐수배출업소관리,서울특별시 중구 충무로4가 96-1번지 ,중구,충무로4가,,,,,,,
그린다,폐수배출업소관리,서울특별시 중구 충무로4가 36-71번지 ,중구,충무로4가,,,,,,,
동서문화사,폐수배출업소관리,서울특별시 중구 충무로4가 139-1번지 ,중구,충무로4가,,,,,,,
비앤비출력,폐수배출업소관리,서울특별시 중구 충무로4가 148-1번지 기종빌딩201 ,중구,충무로4가,,,,,,,
(주)선명씨앤피,폐수배출업소관리,서울특별시 중구 충무로3가 38-1번지 2층 ,중구,충무로3가,,,,,,,
주간인쇄정보,폐수배출업소관리,서울특별시 중구 충무로4가 148-8번지 기종빌딩별관403호 ,중구,충무로4가,,,,,,,
(사)한국근로장애인진흥회,폐수배출업소관리,서울특별시 중구 충무로4가 151-5번지 2층 ,중구,충무로4가,,,,,,,
방림원색,폐수배출업소관리,서울특별시 중구 충무로4가 15-1번지 ,중구,충무로4가,,,,,,,
대한원색,폐수배출업소관리,서울특별시 중구 충무로4가 33-1번지 (2층) ,중구,충무로4가,,,,,,,
아성출력,폐수배출업소관리,서울특별시 중구 충무로4가 131-15번지 ,중구,충무로4가,,,,,,,
하이큐,폐수배출업소관리,서울특별시 중구 충무로4가 12-1번지 ,중구,충무로4가,,,,,,,
우창교정,폐수배출업소관리,서울특별시 중구 충무로4가 131-6번지 ,중구,충무로4가,,,,,,,
영문화,폐수배출업소관리,서울특별시 중구 초동 53-18번지 ,중구,초동,,,,,,,
연화인쇄(주),폐수배출업소관리,서울특별시 중구 초동 10-1번지 ,중구,초동,,,,,,,
서울석유(주)세화주유소,폐수배출업소관리,서울특별시 중구 신당동 741번지 ,중구,신당동,,,,,,,
성조문화사,폐수배출업소관리,서울특별시 중구 충무로4가 108-3번지 ,중구,충무로4가,,,,,,,
범일인쇄,폐수배출업소관리,서울특별시 중구 충무로4가 140번지 ,중구,충무로4가,,,,,,,
뿌리인쇄,폐수배출업소관리,서울특별시 중구 충무로4가 148-1번지 ,중구,충무로4가,,,,,,,
진성문화,폐수배출업소관리,서울특별시 중구 충무로4가 149-7번지 3층2호 ,중구,충무로4가,,,,,,,
프린팅카페,폐수배출업소관리,서울특별시 중구 충무로4가 135번지 ,중구,충무로4가,,,,,,,
우리그래픽,폐수배출업소관리,서울특별시 중구 충무로4가 148-8번지 ,중구,충무로4가,,,,,,,
서울석유(주)세화주유소,폐수배출업소관리,서울특별시 중구 신당동 741번지 ,중구,신당동,,,,,,,
